Address,Symbol,Name,In CoinGecko,First Seen,TX Signature,DexScreener URL,Solscan URL,Birdeye URL
"Cm6fNnMk7NfzStP9CZpsQA2v3jjzbcYGAxdJySmHpump","BUTTCOIN","Buttcoin",true,"Mon Feb 02 2026 05:02:23 GMT+0530 (India Standard Time)","63zVjQ9cgcdae6g5XpfyHoJ4dGU6ULuXTdd4Fx8m7ASF7yPjrQjExc2b7qHEY1STVQ81nygqNpRqbSKU2zNtaa1o","https://dexscreener.com/solana/Cm6fNnMk7NfzStP9CZpsQA2v3jjzbcYGAxdJySmHpump","https://solscan.io/token/Cm6fNnMk7NfzStP9CZpsQA2v3jjzbcYGAxdJySmHpump","https://birdeye.so/token/Cm6fNnMk7NfzStP9CZpsQA2v3jjzbcYGAxdJySmHpump?chain=solana"
"pumpCmXqMfrsAkQ5r49WcJnRayYRqmXz6ae8H7H9Dfn","PUMP","Pump.fun",true,"Mon Feb 02 2026 04:58:03 GMT+0530 (India Standard Time)","5fcwmLZUYvhyFrG46xNTg6AX2EpcDVeoFN1V1a9AbkiRh9sc4RKHJYhhR8d7mPitb6wXBP3hYqm3783sxWEKn2bp","https://dexscreener.com/solana/pumpCmXqMfrsAkQ5r49WcJnRayYRqmXz6ae8H7H9Dfn","https://solscan.io/token/pumpCmXqMfrsAkQ5r49WcJnRayYRqmXz6ae8H7H9Dfn","https://birdeye.so/token/pumpCmXqMfrsAkQ5r49WcJnRayYRqmXz6ae8H7H9Dfn?chain=solana"
"3B1ijcocM5EDga6XxQ7JLW7weocQPWWjuhBYG8Vepump","BP","Barking Puppy",true,"Mon Feb 02 2026 04:49:01 GMT+0530 (India Standard Time)","2Ue99sNTV5whRJhoXQyD91AGrLJEpzh7UnW5zNYu5iXKXL3Hdzqqaf2D8Q4gBqyMn7kyQVRLp2BHV5cMcr3h46Qk","https://dexscreener.com/solana/3B1ijcocM5EDga6XxQ7JLW7weocQPWWjuhBYG8Vepump","https://solscan.io/token/3B1ijcocM5EDga6XxQ7JLW7weocQPWWjuhBYG8Vepump","https://birdeye.so/token/3B1ijcocM5EDga6XxQ7JLW7weocQPWWjuhBYG8Vepump?chain=solana"
"DNnzSTbL8z4x28ji2dDmZKnYAbLf8zcmqiG9UjArpump","PROFIT","The Profit",true,"Mon Feb 02 2026 04:43:36 GMT+0530 (India Standard Time)","252R5f8SFhjgf2SKaqVQ6PVqSggpkX2BVbtMjGcJxyDKp6W1h4rwk3xmKEzXDrK5vbxE6Jk8T4TZM93fK5qAgW2B","https://dexscreener.com/solana/DNnzSTbL8z4x28ji2dDmZKnYAbLf8zcmqiG9UjArpump","https://solscan.io/token/DNnzSTbL8z4x28ji2dDmZKnYAbLf8zcmqiG9UjArpump","https://birdeye.so/token/DNnzSTbL8z4x28ji2dDmZKnYAbLf8zcmqiG9UjArpump?chain=solana"
"Gbu7JAKhTVtGyRryg8cYPiKNhonXpUqbrZuCDjfUpump","SNOWBALL","snowball",true,"Mon Feb 02 2026 04:40:55 GMT+0530 (India Standard Time)","599og73NUyaUqhS8vLGg8TLGbDruGVoDEMuy5Hz7pZUap7jo2QtGyvgxcAtxHMSu4ZA3wJR2UTSE3Znk4ojxDQn4","https://dexscreener.com/solana/Gbu7JAKhTVtGyRryg8cYPiKNhonXpUqbrZuCDjfUpump","https://solscan.io/token/Gbu7JAKhTVtGyRryg8cYPiKNhonXpUqbrZuCDjfUpump","https://birdeye.so/token/Gbu7JAKhTVtGyRryg8cYPiKNhonXpUqbrZuCDjfUpump?chain=solana"
"8Jx8AAHj86wbQgUTjGuj6GTTL5Ps3cqxKRTvpaJApump","PENGUIN","Nietzschean Penguin",true,"Mon Feb 02 2026 04:38:27 GMT+0530 (India Standard Time)","5fDQ1cZokJDrTNNXwwU1AkofvxNF6Nc1oes8DZgyiw655qwxzNbMqXtL4Ayq4jCHJa28bTWYaAeAKxxn6w7PqNsg","https://dexscreener.com/solana/8Jx8AAHj86wbQgUTjGuj6GTTL5Ps3cqxKRTvpaJApump","https://solscan.io/token/8Jx8AAHj86wbQgUTjGuj6GTTL5Ps3cqxKRTvpaJApump","https://birdeye.so/token/8Jx8AAHj86wbQgUTjGuj6GTTL5Ps3cqxKRTvpaJApump?chain=solana"
"GASfLqDbE8c9w8mjKknxaHeDMmdy9usGwM1GwzVJpump","MOUNTAIN","The Mountain",true,"Mon Feb 02 2026 04:36:55 GMT+0530 (India Standard Time)","2VeDSUZrtrDfWvKmNqQyyZdtUvywDVEUXsVfXTCtEx2nu3GTeFSodoDP4mARzBLf1bfMTHTVJgocjLpKQXzGC5d2","https://dexscreener.com/solana/GASfLqDbE8c9w8mjKknxaHeDMmdy9usGwM1GwzVJpump","https://solscan.io/token/GASfLqDbE8c9w8mjKknxaHeDMmdy9usGwM1GwzVJpump","https://birdeye.so/token/GASfLqDbE8c9w8mjKknxaHeDMmdy9usGwM1GwzVJpump?chain=solana"
"2akXpuyFXAVN5YofZpZMfBp2Vxognpmv9NooBMuHpump","ELON","Elon Coin",true,"Mon Feb 02 2026 03:34:10 GMT+0530 (India Standard Time)","5S9ENTcV7pgnCxmFxJGY9sUwiiHPTBQxUKsg5oTNxrzDb46JA5S784T18pTSPMFkD77qDb9iGpeRg6tB2gcGJF6o","https://dexscreener.com/solana/2akXpuyFXAVN5YofZpZMfBp2Vxognpmv9NooBMuHpump","https://solscan.io/token/2akXpuyFXAVN5YofZpZMfBp2Vxognpmv9NooBMuHpump","https://birdeye.so/token/2akXpuyFXAVN5YofZpZMfBp2Vxognpmv9NooBMuHpump?chain=solana"
"61Wj56QgGyyB966T7YsMzEAKRLcMvJpDbPzjkrCZc4Bi","COPPERINU","copper inu",true,"Mon Feb 02 2026 03:27:41 GMT+0530 (India Standard Time)","55TEMcHZaYJ3YRcCv5S9bsAFU6qsZh37GLpheyU6epkNhNqtaERbBjzZQKDg4FPNi8xzGhEBNJXQzCj8MLxWwQiZ","https://dexscreener.com/solana/61Wj56QgGyyB966T7YsMzEAKRLcMvJpDbPzjkrCZc4Bi","https://solscan.io/token/61Wj56QgGyyB966T7YsMzEAKRLcMvJpDbPzjkrCZc4Bi","https://birdeye.so/token/61Wj56QgGyyB966T7YsMzEAKRLcMvJpDbPzjkrCZc4Bi?chain=solana"
"jk1T35eWK41MBMM8AWoYVaNbjHEEQzMDetTsfnqpump","SOL","Sol The Trophy Tomato",true,"Mon Feb 02 2026 03:07:10 GMT+0530 (India Standard Time)","CkXRjzphZETjdgjirpM4A2NqyNHy58SA9Ww5cuJQPB27kzbYe6YkEK8S9onKBke55uDSYiGkmZu8QWB8qSifPUt","https://dexscreener.com/solana/jk1T35eWK41MBMM8AWoYVaNbjHEEQzMDetTsfnqpump","https://solscan.io/token/jk1T35eWK41MBMM8AWoYVaNbjHEEQzMDetTsfnqpump","https://birdeye.so/token/jk1T35eWK41MBMM8AWoYVaNbjHEEQzMDetTsfnqpump?chain=solana"
"CfJxopGjVVPWsbaDM8izGbi3gL5U2C4tDYxeX32dpump","CfJx...pump","CfJxopGjVVPWsbaDM8izGbi3gL5U2C4tDYxeX32dpump",false,"Mon Feb 02 2026 04:47:11 GMT+0530 (India Standard Time)","xy3Ve4Y9CfTMBdA5McKisbp4ZLGCqAUaAvsxQTowGTgu61uJ86r6z6NhpyUZu8N3DnpRisjX3jLGBLaEPZLU97a","https://dexscreener.com/solana/CfJxopGjVVPWsbaDM8izGbi3gL5U2C4tDYxeX32dpump","https://solscan.io/token/CfJxopGjVVPWsbaDM8izGbi3gL5U2C4tDYxeX32dpump","https://birdeye.so/token/CfJxopGjVVPWsbaDM8izGbi3gL5U2C4tDYxeX32dpump?chain=solana"
"7EW5dDD6MYJK4PcZ89MGApJQwWeDEeNgH4NCVU4qpump","7EW5...pump","7EW5dDD6MYJK4PcZ89MGApJQwWeDEeNgH4NCVU4qpump",false,"Mon Feb 02 2026 04:40:00 GMT+0530 (India Standard Time)","3sjN8vo5iLNU5yXSgrV49kvdTFhUZssZNMAw6AvRUNmFxXSqV3KyAJ9dvtteUvRo72URwKD4KhQy8xm8wSyz48He","https://dexscreener.com/solana/7EW5dDD6MYJK4PcZ89MGApJQwWeDEeNgH4NCVU4qpump","https://solscan.io/token/7EW5dDD6MYJK4PcZ89MGApJQwWeDEeNgH4NCVU4qpump","https://birdeye.so/token/7EW5dDD6MYJK4PcZ89MGApJQwWeDEeNgH4NCVU4qpump?chain=solana"
"44BF4E76FPGEmiS7HqE7g8C7FiokLbdUdMWqHnswpump","44BF...pump","44BF4E76FPGEmiS7HqE7g8C7FiokLbdUdMWqHnswpump",false,"Mon Feb 02 2026 04:36:55 GMT+0530 (India Standard Time)","2VeDSUZrtrDfWvKmNqQyyZdtUvywDVEUXsVfXTCtEx2nu3GTeFSodoDP4mARzBLf1bfMTHTVJgocjLpKQXzGC5d2","https://dexscreener.com/solana/44BF4E76FPGEmiS7HqE7g8C7FiokLbdUdMWqHnswpump","https://solscan.io/token/44BF4E76FPGEmiS7HqE7g8C7FiokLbdUdMWqHnswpump","https://birdeye.so/token/44BF4E76FPGEmiS7HqE7g8C7FiokLbdUdMWqHnswpump?chain=solana"
"8HoKCVtrtBhecorCtV1mBeitZ9SCchpY2pB2z15tpump","8HoK...pump","8HoKCVtrtBhecorCtV1mBeitZ9SCchpY2pB2z15tpump",false,"Mon Feb 02 2026 04:31:32 GMT+0530 (India Standard Time)","3i8fjpXdWJQXTTtHhQWjZsu7GjJaFvqo2J2RANhKrrhFzVjzxQA2FtZjZ8Pg5qWtpEckTagb8AoAyaDDBjhjye5K","https://dexscreener.com/solana/8HoKCVtrtBhecorCtV1mBeitZ9SCchpY2pB2z15tpump","https://solscan.io/token/8HoKCVtrtBhecorCtV1mBeitZ9SCchpY2pB2z15tpump","https://birdeye.so/token/8HoKCVtrtBhecorCtV1mBeitZ9SCchpY2pB2z15tpump?chain=solana"
"4TyZGqRLG3VcHTGMcLBoPUmqYitMVojXinAmkL8xpump","4TyZ...pump","4TyZGqRLG3VcHTGMcLBoPUmqYitMVojXinAmkL8xpump",false,"Mon Feb 02 2026 04:20:13 GMT+0530 (India Standard Time)","3rWEjM8EfT7uqdfa4CHSg2RnoKeVk2usTJTt2TvatfV1KSQNfYcQRMKzrrnFjn8ZTmLw8tAZJ68LAkiTjnSLFykp","https://dexscreener.com/solana/4TyZGqRLG3VcHTGMcLBoPUmqYitMVojXinAmkL8xpump","https://solscan.io/token/4TyZGqRLG3VcHTGMcLBoPUmqYitMVojXinAmkL8xpump","https://birdeye.so/token/4TyZGqRLG3VcHTGMcLBoPUmqYitMVojXinAmkL8xpump?chain=solana"
"3CTTSm8ZfsMob2yE7iKS83ZNWy35cpP7o5v7iJ4ypump","3CTT...pump","3CTTSm8ZfsMob2yE7iKS83ZNWy35cpP7o5v7iJ4ypump",false,"Mon Feb 02 2026 04:18:49 GMT+0530 (India Standard Time)","5DBaC3vcpsy42koRvhaJuAiDY8a3UTMXdNBuzR7jpoqiRHXiWyxLddKnES7ttEF3AQPh7K4AsB3GfX1YemmComJU","https://dexscreener.com/solana/3CTTSm8ZfsMob2yE7iKS83ZNWy35cpP7o5v7iJ4ypump","https://solscan.io/token/3CTTSm8ZfsMob2yE7iKS83ZNWy35cpP7o5v7iJ4ypump","https://birdeye.so/token/3CTTSm8ZfsMob2yE7iKS83ZNWy35cpP7o5v7iJ4ypump?chain=solana"
"CxoaKHTGYAUkHwzK5dazVYuG3vvEXExrGznMwX1ipump","Cxoa...pump","CxoaKHTGYAUkHwzK5dazVYuG3vvEXExrGznMwX1ipump",false,"Mon Feb 02 2026 04:13:13 GMT+0530 (India Standard Time)","5uRbtT2hNbD5aPCJL4Qk4ajAxRUHTdLiUGkLgpU57tS1eTeBA8tozW4TTF7B8PwoeFwZJxqwZQ9jQ8Vo4Syd43Uj","https://dexscreener.com/solana/CxoaKHTGYAUkHwzK5dazVYuG3vvEXExrGznMwX1ipump","https://solscan.io/token/CxoaKHTGYAUkHwzK5dazVYuG3vvEXExrGznMwX1ipump","https://birdeye.so/token/CxoaKHTGYAUkHwzK5dazVYuG3vvEXExrGznMwX1ipump?chain=solana"
"2dCUshJQ3bZ9oiBLSP9bmNc7aoSL6cs3i4Szdz11pump","2dCU...pump","2dCUshJQ3bZ9oiBLSP9bmNc7aoSL6cs3i4Szdz11pump",false,"Mon Feb 02 2026 03:37:44 GMT+0530 (India Standard Time)","urM2kzVXs8fta7rjTBLGzKAbz7EqqAP7mL8Ad1GAGCrKtyRMvuXDngvpLzhnQhoJZvCgrUUXLrb3d4DrxUcGYqb","https://dexscreener.com/solana/2dCUshJQ3bZ9oiBLSP9bmNc7aoSL6cs3i4Szdz11pump","https://solscan.io/token/2dCUshJQ3bZ9oiBLSP9bmNc7aoSL6cs3i4Szdz11pump","https://birdeye.so/token/2dCUshJQ3bZ9oiBLSP9bmNc7aoSL6cs3i4Szdz11pump?chain=solana"
"Gy55EJmheLyDXiZ7k7CW2FhunD1UgjQxQibuBn3Npump","Gy55...pump","Gy55EJmheLyDXiZ7k7CW2FhunD1UgjQxQibuBn3Npump",false,"Mon Feb 02 2026 03:37:03 GMT+0530 (India Standard Time)","2bZT3jRLFZu6BBuPThonQBr18sUpF3X42Q6fZgQXUfa89CdhoRya8yvYpT238K4nhsCiVyLX72nZYBHu9hAsMC3o","https://dexscreener.com/solana/Gy55EJmheLyDXiZ7k7CW2FhunD1UgjQxQibuBn3Npump","https://solscan.io/token/Gy55EJmheLyDXiZ7k7CW2FhunD1UgjQxQibuBn3Npump","https://birdeye.so/token/Gy55EJmheLyDXiZ7k7CW2FhunD1UgjQxQibuBn3Npump?chain=solana"
"9KbgSh6XZaHiDBQE26tGTDuJuUZmVyvJGGabrE7fpump","9Kbg...pump","9KbgSh6XZaHiDBQE26tGTDuJuUZmVyvJGGabrE7fpump",false,"Mon Feb 02 2026 03:36:38 GMT+0530 (India Standard Time)","4bdNTbasZGYnkEzouYhmbPr7UNXxm62tqR488xW2Jix4eqHZQocWSeafWmjhHRxG59az98qEqxwsWdDWtdFMCvLC","https://dexscreener.com/solana/9KbgSh6XZaHiDBQE26tGTDuJuUZmVyvJGGabrE7fpump","https://solscan.io/token/9KbgSh6XZaHiDBQE26tGTDuJuUZmVyvJGGabrE7fpump","https://birdeye.so/token/9KbgSh6XZaHiDBQE26tGTDuJuUZmVyvJGGabrE7fpump?chain=solana"
"DLVeaDvdc159gpxrBXkCKXA7LxjP9LLxbhrazBqRpump","DLVe...pump","DLVeaDvdc159gpxrBXkCKXA7LxjP9LLxbhrazBqRpump",false,"Mon Feb 02 2026 03:35:19 GMT+0530 (India Standard Time)","AxfR9TAuXoA5yA36J9DTmcrB51J4yL5zYdjJgc22qSjqnPeEpnBNLBMy5W1GtKrwbouxhLd3cyHkJX4YZ9fzYbn","https://dexscreener.com/solana/DLVeaDvdc159gpxrBXkCKXA7LxjP9LLxbhrazBqRpump","https://solscan.io/token/DLVeaDvdc159gpxrBXkCKXA7LxjP9LLxbhrazBqRpump","https://birdeye.so/token/DLVeaDvdc159gpxrBXkCKXA7LxjP9LLxbhrazBqRpump?chain=solana"
"BMhHXK6XQSGLkX3KjoUcppmBsssUKAqUYwQ68tMzpump","BMhH...pump","BMhHXK6XQSGLkX3KjoUcppmBsssUKAqUYwQ68tMzpump",false,"Mon Feb 02 2026 03:35:19 GMT+0530 (India Standard Time)","AxfR9TAuXoA5yA36J9DTmcrB51J4yL5zYdjJgc22qSjqnPeEpnBNLBMy5W1GtKrwbouxhLd3cyHkJX4YZ9fzYbn","https://dexscreener.com/solana/BMhHXK6XQSGLkX3KjoUcppmBsssUKAqUYwQ68tMzpump","https://solscan.io/token/BMhHXK6XQSGLkX3KjoUcppmBsssUKAqUYwQ68tMzpump","https://birdeye.so/token/BMhHXK6XQSGLkX3KjoUcppmBsssUKAqUYwQ68tMzpump?chain=solana"
"CcYCAx8NzB45yGJT29pxHW1JJ8EHfDLFifkUd7Vxpump","CcYC...pump","CcYCAx8NzB45yGJT29pxHW1JJ8EHfDLFifkUd7Vxpump",false,"Mon Feb 02 2026 02:50:08 GMT+0530 (India Standard Time)","DeDCdRV7MQz4caDY2Z7hCu8mVFiTdSScdCs7mzEb8ZnhQ9jB96DYAVj6JE2zcfGbcs5GkDteUeoeFmkQezad766","https://dexscreener.com/solana/CcYCAx8NzB45yGJT29pxHW1JJ8EHfDLFifkUd7Vxpump","https://solscan.io/token/CcYCAx8NzB45yGJT29pxHW1JJ8EHfDLFifkUd7Vxpump","https://birdeye.so/token/CcYCAx8NzB45yGJT29pxHW1JJ8EHfDLFifkUd7Vxpump?chain=solana"
"EF228ijSZdSampJMvhLUiijJGP5PTH1Z17i71JR5pump","EF22...pump","EF228ijSZdSampJMvhLUiijJGP5PTH1Z17i71JR5pump",false,"Mon Feb 02 2026 02:41:42 GMT+0530 (India Standard Time)","3kr9TKDkJSJptKG3kxHgqZThVVW3PnRLMSozjBAR9ezaR9ihWPGNYAZhtaWnt3UAS2Za8vvctj51DhhMoQYdywBH","https://dexscreener.com/solana/EF228ijSZdSampJMvhLUiijJGP5PTH1Z17i71JR5pump","https://solscan.io/token/EF228ijSZdSampJMvhLUiijJGP5PTH1Z17i71JR5pump","https://birdeye.so/token/EF228ijSZdSampJMvhLUiijJGP5PTH1Z17i71JR5pump?chain=solana"
"6WdHhpRY7vL8SQ69bd89tAj3sk8jsjBrCLDUTZSNpump","6WdH...pump","6WdHhpRY7vL8SQ69bd89tAj3sk8jsjBrCLDUTZSNpump",false,"Mon Feb 02 2026 02:13:56 GMT+0530 (India Standard Time)","2pgbZHhgVq6yb6i53ZNYTrrgDEpTjLsha5Jo2GHga5M8UqxBV36uSA9X8BGFJuM6hR9WQX53vUxHpgXwsSaCRxcH","https://dexscreener.com/solana/6WdHhpRY7vL8SQ69bd89tAj3sk8jsjBrCLDUTZSNpump","https://solscan.io/token/6WdHhpRY7vL8SQ69bd89tAj3sk8jsjBrCLDUTZSNpump","https://birdeye.so/token/6WdHhpRY7vL8SQ69bd89tAj3sk8jsjBrCLDUTZSNpump?chain=solana"
"69RX85eQoEsnZvXGmLNjYcWgVkp9r2JjahVm99KbJETU","69RX...JETU","69RX85eQoEsnZvXGmLNjYcWgVkp9r2JjahVm99KbJETU",false,"Mon Feb 02 2026 02:11:15 GMT+0530 (India Standard Time)","3VgPYLeX4879rfVPwpfpTK5T4Pq38CiHQuK1Xj8DSuakkbHrRB6wJHci6VjxFgYySytwMWNCPCCbm9gYNc6BmDoL","https://dexscreener.com/solana/69RX85eQoEsnZvXGmLNjYcWgVkp9r2JjahVm99KbJETU","https://solscan.io/token/69RX85eQoEsnZvXGmLNjYcWgVkp9r2JjahVm99KbJETU","https://birdeye.so/token/69RX85eQoEsnZvXGmLNjYcWgVkp9r2JjahVm99KbJETU?chain=solana"
"5adkc2jvJomhoLmyCwdy1qWk6SaBpGyxuahX6XjSpump","5adk...pump","5adkc2jvJomhoLmyCwdy1qWk6SaBpGyxuahX6XjSpump",false,"Mon Feb 02 2026 01:33:52 GMT+0530 (India Standard Time)","nmkPmANUwS4wUmy8bxaKxvtPST9yNMZLR3FGxUwuQuZNba6dxqAvG5UUWEuPi6hbwx9yMhvvDcD1ag7Sg7REMMn","https://dexscreener.com/solana/5adkc2jvJomhoLmyCwdy1qWk6SaBpGyxuahX6XjSpump","https://solscan.io/token/5adkc2jvJomhoLmyCwdy1qWk6SaBpGyxuahX6XjSpump","https://birdeye.so/token/5adkc2jvJomhoLmyCwdy1qWk6SaBpGyxuahX6XjSpump?chain=solana"
"EMeugag3yfyvKqNKknGDWAudNALafZjbv9ByzCE8pump","EMeu...pump","EMeugag3yfyvKqNKknGDWAudNALafZjbv9ByzCE8pump",false,"Mon Feb 02 2026 01:33:47 GMT+0530 (India Standard Time)","4ZfaGszjM8xafJUrDsQBgoS5PLG5iRhXNUW5kyMreedAKbJHs14Ez3soJqBz4odjvmyccoYK6FMFVJVGtTdSVozu","https://dexscreener.com/solana/EMeugag3yfyvKqNKknGDWAudNALafZjbv9ByzCE8pump","https://solscan.io/token/EMeugag3yfyvKqNKknGDWAudNALafZjbv9ByzCE8pump","https://birdeye.so/token/EMeugag3yfyvKqNKknGDWAudNALafZjbv9ByzCE8pump?chain=solana"
"HkBWJJiaUW5Kod4HpHWZiGD9PQVipmMiPDgiRPcNpump","HkBW...pump","HkBWJJiaUW5Kod4HpHWZiGD9PQVipmMiPDgiRPcNpump",false,"Mon Feb 02 2026 01:10:11 GMT+0530 (India Standard Time)","Uf6Dj9eJRrSgTjBD5Yk21C1nYQyaDL2ZAjhK9rNpDMpKM83PTCaAKt1rdsq1ap9KacxPsf663n5kYnXMuotC8Ba","https://dexscreener.com/solana/HkBWJJiaUW5Kod4HpHWZiGD9PQVipmMiPDgiRPcNpump","https://solscan.io/token/HkBWJJiaUW5Kod4HpHWZiGD9PQVipmMiPDgiRPcNpump","https://birdeye.so/token/HkBWJJiaUW5Kod4HpHWZiGD9PQVipmMiPDgiRPcNpump?chain=solana"
"6wcPQWr9zQgzkaieGaWqfwZaZJMC7xWRtVPm8ZKWpump","6wcP...pump","6wcPQWr9zQgzkaieGaWqfwZaZJMC7xWRtVPm8ZKWpump",false,"Mon Feb 02 2026 00:35:44 GMT+0530 (India Standard Time)","2B3ccoqSeUYjcGEZFSNopAcmfo9dkkSGovRAtQdwwSoJQsykyMZG4rETsc7gGCH4yXHsvPatEtoQmDBQQ9aSX8jp","https://dexscreener.com/solana/6wcPQWr9zQgzkaieGaWqfwZaZJMC7xWRtVPm8ZKWpump","https://solscan.io/token/6wcPQWr9zQgzkaieGaWqfwZaZJMC7xWRtVPm8ZKWpump","https://birdeye.so/token/6wcPQWr9zQgzkaieGaWqfwZaZJMC7xWRtVPm8ZKWpump?chain=solana"
"GB8KtQfMChhYrCYtd5PoAB42kAdkHnuyAincSSmFpump","GB8K...pump","GB8KtQfMChhYrCYtd5PoAB42kAdkHnuyAincSSmFpump",false,"Mon Feb 02 2026 00:34:32 GMT+0530 (India Standard Time)","4bMaRbpkkk8zPTwyL2mw9FHXGvWf65ghhKydnGnSmLxhzpLw625mzJWmSBfgw6MHCou3PFf2guyarVwZzMdvMnw7","https://dexscreener.com/solana/GB8KtQfMChhYrCYtd5PoAB42kAdkHnuyAincSSmFpump","https://solscan.io/token/GB8KtQfMChhYrCYtd5PoAB42kAdkHnuyAincSSmFpump","https://birdeye.so/token/GB8KtQfMChhYrCYtd5PoAB42kAdkHnuyAincSSmFpump?chain=solana"
"CLRQVjLHb33qT7xyA4oEDKTS3dss7nWrNqYCs5ixpump","CLRQ...pump","CLRQVjLHb33qT7xyA4oEDKTS3dss7nWrNqYCs5ixpump",false,"Mon Feb 02 2026 00:22:19 GMT+0530 (India Standard Time)","3nzFnAUnNVppi1x4SZSbCNg7TuxkCVwUNmcR47b5RQVABRvQmAw31eTs24BFyeNC5JLoDLcb3hLEyrL43rzFnv8r","https://dexscreener.com/solana/CLRQVjLHb33qT7xyA4oEDKTS3dss7nWrNqYCs5ixpump","https://solscan.io/token/CLRQVjLHb33qT7xyA4oEDKTS3dss7nWrNqYCs5ixpump","https://birdeye.so/token/CLRQVjLHb33qT7xyA4oEDKTS3dss7nWrNqYCs5ixpump?chain=solana"
"A9E2AopuG56LWYiXsvGLLTcLjUjQ539PY6k5Fhfepump","A9E2...pump","A9E2AopuG56LWYiXsvGLLTcLjUjQ539PY6k5Fhfepump",false,"Mon Feb 02 2026 00:12:54 GMT+0530 (India Standard Time)","x5Qz4eadzKQe3NwWLoTQDumHDzGAVZp2rSQK5DW6ktcbxhTQsrZ8yN3oY6bEpbpSVDi6K5BPCyVBk87AzTNDjNu","https://dexscreener.com/solana/A9E2AopuG56LWYiXsvGLLTcLjUjQ539PY6k5Fhfepump","https://solscan.io/token/A9E2AopuG56LWYiXsvGLLTcLjUjQ539PY6k5Fhfepump","https://birdeye.so/token/A9E2AopuG56LWYiXsvGLLTcLjUjQ539PY6k5Fhfepump?chain=solana"
"4MTfiD3zN6myhMYMTMtHedyfiYhesRAXTU3JosLDpump","4MTf...pump","4MTfiD3zN6myhMYMTMtHedyfiYhesRAXTU3JosLDpump",false,"Sun Feb 01 2026 23:57:26 GMT+0530 (India Standard Time)","NFEru9qZ7EL1HckJafUvSaioqTprGvmeCqoSVXUhdCJ2i7LARGchDTKKA5K5JPnfnsXW4yZQp2wArTBsVxuvgae","https://dexscreener.com/solana/4MTfiD3zN6myhMYMTMtHedyfiYhesRAXTU3JosLDpump","https://solscan.io/token/4MTfiD3zN6myhMYMTMtHedyfiYhesRAXTU3JosLDpump","https://birdeye.so/token/4MTfiD3zN6myhMYMTMtHedyfiYhesRAXTU3JosLDpump?chain=solana"
"FyPDfX92B4uEk4zZouy96d1Kk1LgnCznBpzAFSsZpump","FyPD...pump","FyPDfX92B4uEk4zZouy96d1Kk1LgnCznBpzAFSsZpump",false,"Sun Feb 01 2026 23:16:48 GMT+0530 (India Standard Time)","2tzZd2DbBzAeTK1TtRTdov5DXLcsY2TrLX9t8Ur3doyjteDpL1VitJacXxB9p4wDTZc5D1WPe89YF45PHNE43BG","https://dexscreener.com/solana/FyPDfX92B4uEk4zZouy96d1Kk1LgnCznBpzAFSsZpump","https://solscan.io/token/FyPDfX92B4uEk4zZouy96d1Kk1LgnCznBpzAFSsZpump","https://birdeye.so/token/FyPDfX92B4uEk4zZouy96d1Kk1LgnCznBpzAFSsZpump?chain=solana"
"kedoobK2qe2f1V8ee5vDXFr3H7gKnhQVNJXA3Ltcyai","kedo...cyai","kedoobK2qe2f1V8ee5vDXFr3H7gKnhQVNJXA3Ltcyai",false,"Sun Feb 01 2026 23:04:47 GMT+0530 (India Standard Time)","3g2KzyniyjjK6TtQ8yTcCTPSgpUjrio4TGnp93v4JievEFpaXw5MtwyY8jeL9swAUk5gapSPqsK9nRjytVP4i5Cd","https://dexscreener.com/solana/kedoobK2qe2f1V8ee5vDXFr3H7gKnhQVNJXA3Ltcyai","https://solscan.io/token/kedoobK2qe2f1V8ee5vDXFr3H7gKnhQVNJXA3Ltcyai","https://birdeye.so/token/kedoobK2qe2f1V8ee5vDXFr3H7gKnhQVNJXA3Ltcyai?chain=solana"
"4xy3dviN5Pic42S3xvahqpgBgwgCTaKkWGCPWgYPpump","4xy3...pump","4xy3dviN5Pic42S3xvahqpgBgwgCTaKkWGCPWgYPpump",false,"Sun Feb 01 2026 23:03:55 GMT+0530 (India Standard Time)","5Vd58ojNzksFUWgvGNmWy1J5p4q4F23aDwkYNJ3BFEe9pKzt9nsK4LhfkPrSWfpTSoMTXtj1pPxViQJrQ8f1n5o8","https://dexscreener.com/solana/4xy3dviN5Pic42S3xvahqpgBgwgCTaKkWGCPWgYPpump","https://solscan.io/token/4xy3dviN5Pic42S3xvahqpgBgwgCTaKkWGCPWgYPpump","https://birdeye.so/token/4xy3dviN5Pic42S3xvahqpgBgwgCTaKkWGCPWgYPpump?chain=solana"
"2LzLh5pHg3nDQz6goTLAvDXfDbSBgAR8qem3bdXdpump","2LzL...pump","2LzLh5pHg3nDQz6goTLAvDXfDbSBgAR8qem3bdXdpump",false,"Sun Feb 01 2026 22:56:15 GMT+0530 (India Standard Time)","2vbbnJQuNhtUsA4tek38Hy8t5BLsDh3hDssoFQL4ei9jFCUd5Qmh282TCm9nigfYZZyudyUgjamxteJE98EYd7M","https://dexscreener.com/solana/2LzLh5pHg3nDQz6goTLAvDXfDbSBgAR8qem3bdXdpump","https://solscan.io/token/2LzLh5pHg3nDQz6goTLAvDXfDbSBgAR8qem3bdXdpump","https://birdeye.so/token/2LzLh5pHg3nDQz6goTLAvDXfDbSBgAR8qem3bdXdpump?chain=solana"
"9QMJMYayGxjVJNVWKLk6woRJ9Rweh63vjTVsqoBtpump","9QMJ...pump","9QMJMYayGxjVJNVWKLk6woRJ9Rweh63vjTVsqoBtpump",false,"Sun Feb 01 2026 22:16:48 GMT+0530 (India Standard Time)","3FAmXQAcMfAJhKV9bcq7yDKz8zKufbAu2B3HK2FVme5jTDAB2uzy12Yuisw55LcB6FhJ6rM4NfeGZmJ4arDhxypc","https://dexscreener.com/solana/9QMJMYayGxjVJNVWKLk6woRJ9Rweh63vjTVsqoBtpump","https://solscan.io/token/9QMJMYayGxjVJNVWKLk6woRJ9Rweh63vjTVsqoBtpump","https://birdeye.so/token/9QMJMYayGxjVJNVWKLk6woRJ9Rweh63vjTVsqoBtpump?chain=solana"
"9ucQp7thL38MDDTSER5ou24QnVSTZFLevDsZC1cAFkKy","9ucQ...FkKy","9ucQp7thL38MDDTSER5ou24QnVSTZFLevDsZC1cAFkKy",false,"Sun Feb 01 2026 21:47:03 GMT+0530 (India Standard Time)","3bDz4UXhH751FbXyW6LWX4yqarW1PmGbjGGebDDrNYhcnYz6fkMgaRtThzDB56kN7fi8AP1j5orUsh5MqMLQKQHJ","https://dexscreener.com/solana/9ucQp7thL38MDDTSER5ou24QnVSTZFLevDsZC1cAFkKy","https://solscan.io/token/9ucQp7thL38MDDTSER5ou24QnVSTZFLevDsZC1cAFkKy","https://birdeye.so/token/9ucQp7thL38MDDTSER5ou24QnVSTZFLevDsZC1cAFkKy?chain=solana"
"HTHAb6CigDQXtKuYX1Tad5hoguguRnRmt6DguosVsKWC","HTHA...sKWC","HTHAb6CigDQXtKuYX1Tad5hoguguRnRmt6DguosVsKWC",false,"Sun Feb 01 2026 21:46:27 GMT+0530 (India Standard Time)","2ptnLDgNzivL1gurgj8ASKMe23TFfN6hybhoZ2EqnG3TxexTYFnKwJJVB1N9f95PnNhMyGVfQZxauXm1qViGKqbq","https://dexscreener.com/solana/HTHAb6CigDQXtKuYX1Tad5hoguguRnRmt6DguosVsKWC","https://solscan.io/token/HTHAb6CigDQXtKuYX1Tad5hoguguRnRmt6DguosVsKWC","https://birdeye.so/token/HTHAb6CigDQXtKuYX1Tad5hoguguRnRmt6DguosVsKWC?chain=solana"
"21bR3D4QR4GzopVco44PVMBXwHFpSYrbrdeNwdKk7umb","21bR...7umb","21bR3D4QR4GzopVco44PVMBXwHFpSYrbrdeNwdKk7umb",false,"Sun Feb 01 2026 21:39:48 GMT+0530 (India Standard Time)","2VXWF5EpJfhoS3sHZ5XXnwisvTjg6D7FeaK65k6ZgK3URtxhAkNUHAUAebDiGHSXxD2rppBWN2vaf9uewttvqg5q","https://dexscreener.com/solana/21bR3D4QR4GzopVco44PVMBXwHFpSYrbrdeNwdKk7umb","https://solscan.io/token/21bR3D4QR4GzopVco44PVMBXwHFpSYrbrdeNwdKk7umb","https://birdeye.so/token/21bR3D4QR4GzopVco44PVMBXwHFpSYrbrdeNwdKk7umb?chain=solana"
"Xs8S1uUs1zvS2p7iwtsG3b6fkhpvmwz4GYU3gWAmWHZ","Xs8S...mWHZ","Xs8S1uUs1zvS2p7iwtsG3b6fkhpvmwz4GYU3gWAmWHZ",false,"Sun Feb 01 2026 21:38:56 GMT+0530 (India Standard Time)","RKMdYAt3pm7MKmH4HEHLr6CftoNVbVnJq1XSLrqEpHEQp655KPzcHsmmkEFLqkJLP7jeHTkyMy1oP7zaabyu1Fz","https://dexscreener.com/solana/Xs8S1uUs1zvS2p7iwtsG3b6fkhpvmwz4GYU3gWAmWHZ","https://solscan.io/token/Xs8S1uUs1zvS2p7iwtsG3b6fkhpvmwz4GYU3gWAmWHZ","https://birdeye.so/token/Xs8S1uUs1zvS2p7iwtsG3b6fkhpvmwz4GYU3gWAmWHZ?chain=solana"
"A4tM62hPFXwUPfLSFWtcM6ADrF48UhfNu2kMxYEuxBnc","A4tM...xBnc","A4tM62hPFXwUPfLSFWtcM6ADrF48UhfNu2kMxYEuxBnc",false,"Sun Feb 01 2026 21:38:56 GMT+0530 (India Standard Time)","RKMdYAt3pm7MKmH4HEHLr6CftoNVbVnJq1XSLrqEpHEQp655KPzcHsmmkEFLqkJLP7jeHTkyMy1oP7zaabyu1Fz","https://dexscreener.com/solana/A4tM62hPFXwUPfLSFWtcM6ADrF48UhfNu2kMxYEuxBnc","https://solscan.io/token/A4tM62hPFXwUPfLSFWtcM6ADrF48UhfNu2kMxYEuxBnc","https://birdeye.so/token/A4tM62hPFXwUPfLSFWtcM6ADrF48UhfNu2kMxYEuxBnc?chain=solana"
"8euYpQt56z9hA2ZcFCQuWK6gAptrLcJuMZ5PtMpUwbuY","8euY...wbuY","8euYpQt56z9hA2ZcFCQuWK6gAptrLcJuMZ5PtMpUwbuY",false,"Sun Feb 01 2026 21:26:12 GMT+0530 (India Standard Time)","4SFrFT2ySHTXVGso4sNL38jbTERJrVJWJWsUd2WXDwgUteUAazDgqQ1A6seuP1Z72cJaQ5qFgPtQPLiKvsU8UqpW","https://dexscreener.com/solana/8euYpQt56z9hA2ZcFCQuWK6gAptrLcJuMZ5PtMpUwbuY","https://solscan.io/token/8euYpQt56z9hA2ZcFCQuWK6gAptrLcJuMZ5PtMpUwbuY","https://birdeye.so/token/8euYpQt56z9hA2ZcFCQuWK6gAptrLcJuMZ5PtMpUwbuY?chain=solana"
"GsMdcodTqS5dWMo7bEMDXwWm528WJKrRaka7E5bBpump","GsMd...pump","GsMdcodTqS5dWMo7bEMDXwWm528WJKrRaka7E5bBpump",false,"Sun Feb 01 2026 21:26:08 GMT+0530 (India Standard Time)","3is12ChMtdoAixn3V4oyP5tBpNHxMGV9S6PhWypruSCjovkFc8jZn2pQuChG6n9GvhwbqsQfH9J6NDq8My62huFP","https://dexscreener.com/solana/GsMdcodTqS5dWMo7bEMDXwWm528WJKrRaka7E5bBpump","https://solscan.io/token/GsMdcodTqS5dWMo7bEMDXwWm528WJKrRaka7E5bBpump","https://birdeye.so/token/GsMdcodTqS5dWMo7bEMDXwWm528WJKrRaka7E5bBpump?chain=solana"
"6mJ4m8vmjLbpVMjeQ4G8mYfCLzkUWSEnVEmuMjB7pump","6mJ4...pump","6mJ4m8vmjLbpVMjeQ4G8mYfCLzkUWSEnVEmuMjB7pump",false,"Sun Feb 01 2026 21:24:57 GMT+0530 (India Standard Time)","nQCYt5E68CyRNbmDepkWK9F8tJWnbuKsrCgc7s8MQULcyJkFafs9kgL3Pv48gZL4aRjVni6JtDtF1qmSCnxxCh5","https://dexscreener.com/solana/6mJ4m8vmjLbpVMjeQ4G8mYfCLzkUWSEnVEmuMjB7pump","https://solscan.io/token/6mJ4m8vmjLbpVMjeQ4G8mYfCLzkUWSEnVEmuMjB7pump","https://birdeye.so/token/6mJ4m8vmjLbpVMjeQ4G8mYfCLzkUWSEnVEmuMjB7pump?chain=solana"
"2wBVWtD1HWnxFPnnNBB9qapw3ucW7BKsk2Axbdw795LF","2wBV...95LF","2wBVWtD1HWnxFPnnNBB9qapw3ucW7BKsk2Axbdw795LF",false,"Sun Feb 01 2026 21:22:41 GMT+0530 (India Standard Time)","xisyXPpApJiM7yW9WcjwbPuLHfB4h1R4gKSSziHXV6bZWLi8SwmbVKjE8Aw1HtJPX96ypuaj4U2TLLfmLshVhsx","https://dexscreener.com/solana/2wBVWtD1HWnxFPnnNBB9qapw3ucW7BKsk2Axbdw795LF","https://solscan.io/token/2wBVWtD1HWnxFPnnNBB9qapw3ucW7BKsk2Axbdw795LF","https://birdeye.so/token/2wBVWtD1HWnxFPnnNBB9qapw3ucW7BKsk2Axbdw795LF?chain=solana"
"kMKX8hBaj3BTRBbeYix9c16EieBP5dih8DTSSwCpump","kMKX...pump","kMKX8hBaj3BTRBbeYix9c16EieBP5dih8DTSSwCpump",false,"Sun Feb 01 2026 21:18:21 GMT+0530 (India Standard Time)","w44jgVrJKHPEAyvqAsFPEM7Hxds1buV5pUyaBE7pZw92C44Q5LZ5135yUPTJWRFcn9BfR3jQFxFFcFrhWXxFtZ1","https://dexscreener.com/solana/kMKX8hBaj3BTRBbeYix9c16EieBP5dih8DTSSwCpump","https://solscan.io/token/kMKX8hBaj3BTRBbeYix9c16EieBP5dih8DTSSwCpump","https://birdeye.so/token/kMKX8hBaj3BTRBbeYix9c16EieBP5dih8DTSSwCpump?chain=solana"
"7iXmb2uQqqm5BjbukkHF3tdkszZ8KNPkM2UK9B1zpump","7iXm...pump","7iXmb2uQqqm5BjbukkHF3tdkszZ8KNPkM2UK9B1zpump",false,"Mon Feb 02 2026 01:43:22 GMT+0530 (India Standard Time)","5USR7464p6fpy7qjxqZYHh7cRsbmiMUaWbBHqn8kYBad65sf9J35WXNXkef4my1EP8uraPcm9H1zLtTAwx4sCkea","https://dexscreener.com/solana/7iXmb2uQqqm5BjbukkHF3tdkszZ8KNPkM2UK9B1zpump","https://solscan.io/token/7iXmb2uQqqm5BjbukkHF3tdkszZ8KNPkM2UK9B1zpump","https://birdeye.so/token/7iXmb2uQqqm5BjbukkHF3tdkszZ8KNPkM2UK9B1zpump?chain=solana"
"7Skuw71t27k7eExNVPWKPYw3CEbQRDaRveX5VLAbpump","7Sku...pump","7Skuw71t27k7eExNVPWKPYw3CEbQRDaRveX5VLAbpump",false,"Sun Feb 01 2026 03:24:46 GMT+0530 (India Standard Time)","61o8tWfKP1esybLLsdiWK8SQbz9jmfBFHVDFAiNsyFreQbFcPWfXKPG2yfUsxXWXqGhBEMPYRKmyLGsUxKNX3Az","https://dexscreener.com/solana/7Skuw71t27k7eExNVPWKPYw3CEbQRDaRveX5VLAbpump","https://solscan.io/token/7Skuw71t27k7eExNVPWKPYw3CEbQRDaRveX5VLAbpump","https://birdeye.so/token/7Skuw71t27k7eExNVPWKPYw3CEbQRDaRveX5VLAbpump?chain=solana"
"GCCoZjgCUDcmh6UC7kUVf6p7B7RhsMP39VrhA61cpump","GCCo...pump","GCCoZjgCUDcmh6UC7kUVf6p7B7RhsMP39VrhA61cpump",false,"Sun Feb 01 2026 03:19:21 GMT+0530 (India Standard Time)","3BgRfmTCm4oGmRppGo7mD5ucsJS6KWtXrenPWagvtseXM8Hjh7b3RL7xKyyoVkCb4E8o23qQSuUkhUUCnsYwEHJm","https://dexscreener.com/solana/GCCoZjgCUDcmh6UC7kUVf6p7B7RhsMP39VrhA61cpump","https://solscan.io/token/GCCoZjgCUDcmh6UC7kUVf6p7B7RhsMP39VrhA61cpump","https://birdeye.so/token/GCCoZjgCUDcmh6UC7kUVf6p7B7RhsMP39VrhA61cpump?chain=solana"
"BbpMBzE8sw8EeT8a4M5dVisAFQ2rx6eZdz2Jdzrzpump","BbpM...pump","BbpMBzE8sw8EeT8a4M5dVisAFQ2rx6eZdz2Jdzrzpump",false,"Sun Feb 01 2026 01:02:40 GMT+0530 (India Standard Time)","3mGokjt7bpVY1YazuYT2B8EHuRrugMy6aEbiqdoGPGrf17VAnAxnzxrf8QMhcdh6Acz6WsGWBUZP3WLByFAVJJYG","https://dexscreener.com/solana/BbpMBzE8sw8EeT8a4M5dVisAFQ2rx6eZdz2Jdzrzpump","https://solscan.io/token/BbpMBzE8sw8EeT8a4M5dVisAFQ2rx6eZdz2Jdzrzpump","https://birdeye.so/token/BbpMBzE8sw8EeT8a4M5dVisAFQ2rx6eZdz2Jdzrzpump?chain=solana"
"5Bphs5Q6nbq1FRQ7sk3MUYNE8JHzoSKVyeZWYM94pump","5Bph...pump","5Bphs5Q6nbq1FRQ7sk3MUYNE8JHzoSKVyeZWYM94pump",false,"Sun Feb 01 2026 00:47:08 GMT+0530 (India Standard Time)","41nn1d78ZNNG72qQT3WBsdFTtbugqXhQvZS15H3n4q6A46ia3VXLbQAYqZEybxsbgGrcecqrApARjNFLNqs65nzK","https://dexscreener.com/solana/5Bphs5Q6nbq1FRQ7sk3MUYNE8JHzoSKVyeZWYM94pump","https://solscan.io/token/5Bphs5Q6nbq1FRQ7sk3MUYNE8JHzoSKVyeZWYM94pump","https://birdeye.so/token/5Bphs5Q6nbq1FRQ7sk3MUYNE8JHzoSKVyeZWYM94pump?chain=solana"
"8wcgwJQqiy9roMgiMHtJr1XZc4zNzUSPSxehXqjYpump","8wcg...pump","8wcgwJQqiy9roMgiMHtJr1XZc4zNzUSPSxehXqjYpump",false,"Sun Feb 01 2026 00:43:36 GMT+0530 (India Standard Time)","f6sR998G8Yb7xrUv8seP4sdAverBXsF4GXdwAdp4DoyeYuuKeW4eHQJt5VyT7W5WQ79JZYGX23BBKqwNuJrwvE9","https://dexscreener.com/solana/8wcgwJQqiy9roMgiMHtJr1XZc4zNzUSPSxehXqjYpump","https://solscan.io/token/8wcgwJQqiy9roMgiMHtJr1XZc4zNzUSPSxehXqjYpump","https://birdeye.so/token/8wcgwJQqiy9roMgiMHtJr1XZc4zNzUSPSxehXqjYpump?chain=solana"
"GNprpMEm8ESNWxVwu5jGcr4cKaj7MhZKiktMGoLnpump","GNpr...pump","GNprpMEm8ESNWxVwu5jGcr4cKaj7MhZKiktMGoLnpump",false,"Sat Jan 31 2026 18:38:40 GMT+0530 (India Standard Time)","cGJUmDvPjAFqn8jBS3V17HMWzGRw3aJejTTcrVCUkueBtvecCdHGSay1xgN1Pgm6i3T7yNTt2tTxYjGtUKYUpbD","https://dexscreener.com/solana/GNprpMEm8ESNWxVwu5jGcr4cKaj7MhZKiktMGoLnpump","https://solscan.io/token/GNprpMEm8ESNWxVwu5jGcr4cKaj7MhZKiktMGoLnpump","https://birdeye.so/token/GNprpMEm8ESNWxVwu5jGcr4cKaj7MhZKiktMGoLnpump?chain=solana"
"8RCaAJiNtBYCtDKsNWsxkCQWCEngABNJ6LrCvAuxpump","8RCa...pump","8RCaAJiNtBYCtDKsNWsxkCQWCEngABNJ6LrCvAuxpump",false,"Sat Jan 31 2026 08:57:59 GMT+0530 (India Standard Time)","3EAoWPsxwPndkGTCWduU8gfVSSCuFy2xSjQc9tCc6QTBrspmkVAwN1LUEfqKR1v5yqfcvZvePtUPsxm6MYpRBBZm","https://dexscreener.com/solana/8RCaAJiNtBYCtDKsNWsxkCQWCEngABNJ6LrCvAuxpump","https://solscan.io/token/8RCaAJiNtBYCtDKsNWsxkCQWCEngABNJ6LrCvAuxpump","https://birdeye.so/token/8RCaAJiNtBYCtDKsNWsxkCQWCEngABNJ6LrCvAuxpump?chain=solana"
"B4jLtVESYyKPPYmXTWbwmWYKCNrj3L2LJZiSox1Bpump","B4jL...pump","B4jLtVESYyKPPYmXTWbwmWYKCNrj3L2LJZiSox1Bpump",false,"Sat Jan 31 2026 06:23:46 GMT+0530 (India Standard Time)","3N3sBYwzruaue8KuZZrx8HE6Xth7L5d5wUqN8Xk3yUamSUssvi6reTG7RWoSjBb27EJWGGPxSVjLH5eM7RVEi6CR","https://dexscreener.com/solana/B4jLtVESYyKPPYmXTWbwmWYKCNrj3L2LJZiSox1Bpump","https://solscan.io/token/B4jLtVESYyKPPYmXTWbwmWYKCNrj3L2LJZiSox1Bpump","https://birdeye.so/token/B4jLtVESYyKPPYmXTWbwmWYKCNrj3L2LJZiSox1Bpump?chain=solana"
"pLmbt9MZnKjXnVxao9yLx8XY6Rgm399Z5EQVNZ5pump","pLmb...pump","pLmbt9MZnKjXnVxao9yLx8XY6Rgm399Z5EQVNZ5pump",false,"Sat Jan 31 2026 05:34:58 GMT+0530 (India Standard Time)","67o2qf5sKGJmvYG1jqyCU3SMBSqeDTvgjZVpdhF9d6J16vRVYU4C7werzBKvMgoyxqqVFAA5zzxXQUQZQk6ztv8J","https://dexscreener.com/solana/pLmbt9MZnKjXnVxao9yLx8XY6Rgm399Z5EQVNZ5pump","https://solscan.io/token/pLmbt9MZnKjXnVxao9yLx8XY6Rgm399Z5EQVNZ5pump","https://birdeye.so/token/pLmbt9MZnKjXnVxao9yLx8XY6Rgm399Z5EQVNZ5pump?chain=solana"
"HaJeJnpwFArv4U3EuKkLb9orkaefqT5SApt7Huixpump","HaJe...pump","HaJeJnpwFArv4U3EuKkLb9orkaefqT5SApt7Huixpump",false,"Sat Jan 31 2026 04:00:27 GMT+0530 (India Standard Time)","4WUZTAZ1YeLkxBXWnk3Kuv6bshQbm8GYSXKcwV5DrQbxXPAgYWCu2fvtVq8pae9uMj8egWE5RBJo2tMUoashp7NH","https://dexscreener.com/solana/HaJeJnpwFArv4U3EuKkLb9orkaefqT5SApt7Huixpump","https://solscan.io/token/HaJeJnpwFArv4U3EuKkLb9orkaefqT5SApt7Huixpump","https://birdeye.so/token/HaJeJnpwFArv4U3EuKkLb9orkaefqT5SApt7Huixpump?chain=solana"
"BHTUrbxdLuDZNvzKFjbsW1RMjqiG7qDUXrhV5jFQpump","BHTU...pump","BHTUrbxdLuDZNvzKFjbsW1RMjqiG7qDUXrhV5jFQpump",false,"Sat Jan 31 2026 02:45:59 GMT+0530 (India Standard Time)","3kNNP31rsNnaLrVTcsatmUerAfBMkEh9GvHYrHnGX1aHHZ4MDG7fYXxnDxjmNn3sTm2xkYP8gh1rrvqqueAXSwk5","https://dexscreener.com/solana/BHTUrbxdLuDZNvzKFjbsW1RMjqiG7qDUXrhV5jFQpump","https://solscan.io/token/BHTUrbxdLuDZNvzKFjbsW1RMjqiG7qDUXrhV5jFQpump","https://birdeye.so/token/BHTUrbxdLuDZNvzKFjbsW1RMjqiG7qDUXrhV5jFQpump?chain=solana"
"2HE1yvnVitiBEzU1fud7kPsGv89eP7TBwSd8D3tPpump","2HE1...pump","2HE1yvnVitiBEzU1fud7kPsGv89eP7TBwSd8D3tPpump",false,"Sat Jan 31 2026 01:56:46 GMT+0530 (India Standard Time)","3G8w3Bv149ULKpuhBcFLQHxCb5ZZ5bawZm61MMpPFsZ5b7R1ajswKuKtmtWFqtFBZADBFvQwyii2wPzcRezY4oo","https://dexscreener.com/solana/2HE1yvnVitiBEzU1fud7kPsGv89eP7TBwSd8D3tPpump","https://solscan.io/token/2HE1yvnVitiBEzU1fud7kPsGv89eP7TBwSd8D3tPpump","https://birdeye.so/token/2HE1yvnVitiBEzU1fud7kPsGv89eP7TBwSd8D3tPpump?chain=solana"
"5eHEhBYY8LANE1QXRiywgP3qNhNZerH8SBwUsMHfh1w6","5eHE...h1w6","5eHEhBYY8LANE1QXRiywgP3qNhNZerH8SBwUsMHfh1w6",false,"Sat Jan 31 2026 01:56:46 GMT+0530 (India Standard Time)","3G8w3Bv149ULKpuhBcFLQHxCb5ZZ5bawZm61MMpPFsZ5b7R1ajswKuKtmtWFqtFBZADBFvQwyii2wPzcRezY4oo","https://dexscreener.com/solana/5eHEhBYY8LANE1QXRiywgP3qNhNZerH8SBwUsMHfh1w6","https://solscan.io/token/5eHEhBYY8LANE1QXRiywgP3qNhNZerH8SBwUsMHfh1w6","https://birdeye.so/token/5eHEhBYY8LANE1QXRiywgP3qNhNZerH8SBwUsMHfh1w6?chain=solana"
"CuDyUwCvi2pCgMUQmTscNvuqsg82SfWC3ostQAWPpump","CuDy...pump","CuDyUwCvi2pCgMUQmTscNvuqsg82SfWC3ostQAWPpump",false,"Sat Jan 31 2026 01:43:40 GMT+0530 (India Standard Time)","3QGcT5SZNKS22KuZh42og7beqjWjVBmki6q7Bn9CYeG3E5JjePS6QriEXL7QFZzb9AVaayCeNZg98AW6nTEfnTHr","https://dexscreener.com/solana/CuDyUwCvi2pCgMUQmTscNvuqsg82SfWC3ostQAWPpump","https://solscan.io/token/CuDyUwCvi2pCgMUQmTscNvuqsg82SfWC3ostQAWPpump","https://birdeye.so/token/CuDyUwCvi2pCgMUQmTscNvuqsg82SfWC3ostQAWPpump?chain=solana"
"CfjQtHUEuengvaCMGnivwvBL2BK64NtFAVXB3pXYpump","CfjQ...pump","CfjQtHUEuengvaCMGnivwvBL2BK64NtFAVXB3pXYpump",false,"Fri Jan 30 2026 23:06:36 GMT+0530 (India Standard Time)","3nikfVZbRNj3gh2V1hb1aZceJve4wM9Wcf2d1GuaxnXNjMYcZpepmmi1xfyVN7duEnbSEZM5quVCb6neqoe9Lu3k","https://dexscreener.com/solana/CfjQtHUEuengvaCMGnivwvBL2BK64NtFAVXB3pXYpump","https://solscan.io/token/CfjQtHUEuengvaCMGnivwvBL2BK64NtFAVXB3pXYpump","https://birdeye.so/token/CfjQtHUEuengvaCMGnivwvBL2BK64NtFAVXB3pXYpump?chain=solana"
"HuEijrTyvdG23m3sxWKuwtDABqVzYrY45vp5zy8jTRND","HuEi...TRND","HuEijrTyvdG23m3sxWKuwtDABqVzYrY45vp5zy8jTRND",false,"Fri Jan 30 2026 17:25:26 GMT+0530 (India Standard Time)","3fezGdzQS4EkkzmWZtwiNBDqanizSmzdB6GQHRyQqrqN2BM2EmQzSUR3ZHTjDQGk5f3vQknpLfeWiZruA3Ept7Pe","https://dexscreener.com/solana/HuEijrTyvdG23m3sxWKuwtDABqVzYrY45vp5zy8jTRND","https://solscan.io/token/HuEijrTyvdG23m3sxWKuwtDABqVzYrY45vp5zy8jTRND","https://birdeye.so/token/HuEijrTyvdG23m3sxWKuwtDABqVzYrY45vp5zy8jTRND?chain=solana"
"635Woffz7WGneyH1VzDrBKsw2VavMAZ1iuX6AcqSpump","635W...pump","635Woffz7WGneyH1VzDrBKsw2VavMAZ1iuX6AcqSpump",false,"Fri Jan 30 2026 04:56:58 GMT+0530 (India Standard Time)","22A7iLPD8dt5GFuzf6U27qWR9v33Ub5jnM4MGGdzQeDa5C4kUe235FQAvpuKqFZWSkkT9RCJ9szfHuFKRu9zNo8Z","https://dexscreener.com/solana/635Woffz7WGneyH1VzDrBKsw2VavMAZ1iuX6AcqSpump","https://solscan.io/token/635Woffz7WGneyH1VzDrBKsw2VavMAZ1iuX6AcqSpump","https://birdeye.so/token/635Woffz7WGneyH1VzDrBKsw2VavMAZ1iuX6AcqSpump?chain=solana"
"BnVkZX8RZT81T7yxkryBEMpR4ZL9Kt5EgyJJ1nSWpump","BnVk...pump","BnVkZX8RZT81T7yxkryBEMpR4ZL9Kt5EgyJJ1nSWpump",false,"Fri Jan 30 2026 04:47:12 GMT+0530 (India Standard Time)","5RVZWDsmwCTrD6ZXgjdByLZonPn6mzXghAqR1zoNmLsq5Z7Fvw9ggCPYEsCqBNjCLPaHu5vsYEP7YXN2BYj1nqw9","https://dexscreener.com/solana/BnVkZX8RZT81T7yxkryBEMpR4ZL9Kt5EgyJJ1nSWpump","https://solscan.io/token/BnVkZX8RZT81T7yxkryBEMpR4ZL9Kt5EgyJJ1nSWpump","https://birdeye.so/token/BnVkZX8RZT81T7yxkryBEMpR4ZL9Kt5EgyJJ1nSWpump?chain=solana"
"8bMPXPGqccmsxEmr757fDSTw51H718aJbr1syQHjpump","8bMP...pump","8bMPXPGqccmsxEmr757fDSTw51H718aJbr1syQHjpump",false,"Fri Jan 30 2026 01:35:38 GMT+0530 (India Standard Time)","2JeFBkmvmsugHFc2Xyj94bUuVWNjYh1NuHQdhHXzjR15BGDoKCbTAcbRZFtdyce27JbbFiNcbaBMN5BDsiyDv4iF","https://dexscreener.com/solana/8bMPXPGqccmsxEmr757fDSTw51H718aJbr1syQHjpump","https://solscan.io/token/8bMPXPGqccmsxEmr757fDSTw51H718aJbr1syQHjpump","https://birdeye.so/token/8bMPXPGqccmsxEmr757fDSTw51H718aJbr1syQHjpump?chain=solana"
"J7YbH3LdKqWzQvxUWi8G8H73rp3htMjUZ4XXEVaTNGmR","J7Yb...NGmR","J7YbH3LdKqWzQvxUWi8G8H73rp3htMjUZ4XXEVaTNGmR",false,"Fri Jan 30 2026 00:14:01 GMT+0530 (India Standard Time)","2LcjP4Pzo2jN91zPHSKieXTVj7YRjKVqnhww3UMzLufM6kEwUaQSYVpVCcbmzovn86vUspXPvDsVoJZcmpqRuqz2","https://dexscreener.com/solana/J7YbH3LdKqWzQvxUWi8G8H73rp3htMjUZ4XXEVaTNGmR","https://solscan.io/token/J7YbH3LdKqWzQvxUWi8G8H73rp3htMjUZ4XXEVaTNGmR","https://birdeye.so/token/J7YbH3LdKqWzQvxUWi8G8H73rp3htMjUZ4XXEVaTNGmR?chain=solana"
"4juFfEmgZDMQ8vPECCaoxvAZGt7dBs8DMXXeveu9pump","4juF...pump","4juFfEmgZDMQ8vPECCaoxvAZGt7dBs8DMXXeveu9pump",false,"Thu Jan 29 2026 22:45:01 GMT+0530 (India Standard Time)","uHSpssthJL7cFSRYmdSiNMEsSFFKn3vH4UgeXKZ5Vcn5zp3TYDEDNfLSqxSxPygKmtGJUNUqugkCyX8W8KFZGCB","https://dexscreener.com/solana/4juFfEmgZDMQ8vPECCaoxvAZGt7dBs8DMXXeveu9pump","https://solscan.io/token/4juFfEmgZDMQ8vPECCaoxvAZGt7dBs8DMXXeveu9pump","https://birdeye.so/token/4juFfEmgZDMQ8vPECCaoxvAZGt7dBs8DMXXeveu9pump?chain=solana"
"5TMAhTJJvwahwBfXVLrM2T6vxCzYCFBaFFUmFTwu2Y59","5TMA...2Y59","5TMAhTJJvwahwBfXVLrM2T6vxCzYCFBaFFUmFTwu2Y59",false,"Thu Jan 29 2026 22:45:01 GMT+0530 (India Standard Time)","uHSpssthJL7cFSRYmdSiNMEsSFFKn3vH4UgeXKZ5Vcn5zp3TYDEDNfLSqxSxPygKmtGJUNUqugkCyX8W8KFZGCB","https://dexscreener.com/solana/5TMAhTJJvwahwBfXVLrM2T6vxCzYCFBaFFUmFTwu2Y59","https://solscan.io/token/5TMAhTJJvwahwBfXVLrM2T6vxCzYCFBaFFUmFTwu2Y59","https://birdeye.so/token/5TMAhTJJvwahwBfXVLrM2T6vxCzYCFBaFFUmFTwu2Y59?chain=solana"
"FxVL58r94P2SsBYi4eaSVSqX8kGpoj7gSTN2Hoiopump","FxVL...pump","FxVL58r94P2SsBYi4eaSVSqX8kGpoj7gSTN2Hoiopump",false,"Thu Jan 29 2026 21:57:12 GMT+0530 (India Standard Time)","5LV9Ao9FC1xgJJtNk9q6dRFkC3nQA1aQKVDbvZT2uv9t2cnwA9DgZzAdxs842s6j1u9ht6KaWaDcv7FSGD5UWF98","https://dexscreener.com/solana/FxVL58r94P2SsBYi4eaSVSqX8kGpoj7gSTN2Hoiopump","https://solscan.io/token/FxVL58r94P2SsBYi4eaSVSqX8kGpoj7gSTN2Hoiopump","https://birdeye.so/token/FxVL58r94P2SsBYi4eaSVSqX8kGpoj7gSTN2Hoiopump?chain=solana"
"e3j6fKBd2VxT5HLzBvu1mqEbuZgTB3fzsuzrMmVpump","e3j6...pump","e3j6fKBd2VxT5HLzBvu1mqEbuZgTB3fzsuzrMmVpump",false,"Thu Jan 29 2026 20:14:44 GMT+0530 (India Standard Time)","3acLRbs6BtQcWak2iZiT1tuV524j49TwNxfwNsEED3uXsoBrSXpvrvJR4gnxJs78C96AZ1su8wBY6zPxPTheT9qf","https://dexscreener.com/solana/e3j6fKBd2VxT5HLzBvu1mqEbuZgTB3fzsuzrMmVpump","https://solscan.io/token/e3j6fKBd2VxT5HLzBvu1mqEbuZgTB3fzsuzrMmVpump","https://birdeye.so/token/e3j6fKBd2VxT5HLzBvu1mqEbuZgTB3fzsuzrMmVpump?chain=solana"
"5a7Hks6Rp7PavnpXFyWRuGWSK2nsQcD4aGs7rWPJpump","5a7H...pump","5a7Hks6Rp7PavnpXFyWRuGWSK2nsQcD4aGs7rWPJpump",false,"Thu Jan 29 2026 19:59:11 GMT+0530 (India Standard Time)","4oBvX5jLzm9eMmj7fPd5x2dYXFmXbRihXQJ6Y6FWeSCMzbeHbCSxxPKBXBKCD1bU45ZHJTCGg4ZcibXJTDkRDyug","https://dexscreener.com/solana/5a7Hks6Rp7PavnpXFyWRuGWSK2nsQcD4aGs7rWPJpump","https://solscan.io/token/5a7Hks6Rp7PavnpXFyWRuGWSK2nsQcD4aGs7rWPJpump","https://birdeye.so/token/5a7Hks6Rp7PavnpXFyWRuGWSK2nsQcD4aGs7rWPJpump?chain=solana"
"54akovLUyBHeqgMosnAzbRq5Bdwsd2c32fvhk6LKpump","54ak...pump","54akovLUyBHeqgMosnAzbRq5Bdwsd2c32fvhk6LKpump",false,"Thu Jan 29 2026 15:02:29 GMT+0530 (India Standard Time)","49TxZ1QWTMej98bVb3vSi4KLjeEQW6NLbrFfUumHzHmdpUkzUZgvx6kQxEofRtb4jZCMMk68Q9QgDfwU5FBxv5qY","https://dexscreener.com/solana/54akovLUyBHeqgMosnAzbRq5Bdwsd2c32fvhk6LKpump","https://solscan.io/token/54akovLUyBHeqgMosnAzbRq5Bdwsd2c32fvhk6LKpump","https://birdeye.so/token/54akovLUyBHeqgMosnAzbRq5Bdwsd2c32fvhk6LKpump?chain=solana"
"AJrnNDFnr7KmcJKWsLGXT5iXV1cGRAexm67FHk2k3LXh","AJrn...3LXh","AJrnNDFnr7KmcJKWsLGXT5iXV1cGRAexm67FHk2k3LXh",false,"Thu Jan 29 2026 11:22:40 GMT+0530 (India Standard Time)","3BjNZs7tUzRSicBwpajAJoSoNJ8j1UpM4uq79YAZDhNMR4FphmdXjkDLxXQ5ywqTvbmBgDaxDtjLEGj4n36pD3po","https://dexscreener.com/solana/AJrnNDFnr7KmcJKWsLGXT5iXV1cGRAexm67FHk2k3LXh","https://solscan.io/token/AJrnNDFnr7KmcJKWsLGXT5iXV1cGRAexm67FHk2k3LXh","https://birdeye.so/token/AJrnNDFnr7KmcJKWsLGXT5iXV1cGRAexm67FHk2k3LXh?chain=solana"
"94yndLmSxHy8TDbv7ujx66xgEeJtn3fdPCc2Am3zgr47","94yn...gr47","94yndLmSxHy8TDbv7ujx66xgEeJtn3fdPCc2Am3zgr47",false,"Thu Jan 29 2026 11:21:47 GMT+0530 (India Standard Time)","hykDHshNHuiJ8HTcLS5Hb8f1jHBj4XxPV6XrVxBiPuN7gtRzo5WBWAMetT3Jim1voYuJY28Btado9c8UM5sRE6z","https://dexscreener.com/solana/94yndLmSxHy8TDbv7ujx66xgEeJtn3fdPCc2Am3zgr47","https://solscan.io/token/94yndLmSxHy8TDbv7ujx66xgEeJtn3fdPCc2Am3zgr47","https://birdeye.so/token/94yndLmSxHy8TDbv7ujx66xgEeJtn3fdPCc2Am3zgr47?chain=solana"
"BrzRxj3oyXv3hKXKSSpcHH3GNYHFCdM4hzoe5QXPpump","BrzR...pump","BrzRxj3oyXv3hKXKSSpcHH3GNYHFCdM4hzoe5QXPpump",false,"Thu Jan 29 2026 09:31:18 GMT+0530 (India Standard Time)","2rZWUCpEzCnfKzXUH2R9ny23quocNNAmpyK6LGU6NznKhmc9kHFYz88vwSqJfjHL3tZ4UoK8BZgedk6c4tzHJNaJ","https://dexscreener.com/solana/BrzRxj3oyXv3hKXKSSpcHH3GNYHFCdM4hzoe5QXPpump","https://solscan.io/token/BrzRxj3oyXv3hKXKSSpcHH3GNYHFCdM4hzoe5QXPpump","https://birdeye.so/token/BrzRxj3oyXv3hKXKSSpcHH3GNYHFCdM4hzoe5QXPpump?chain=solana"
"26ohsT77GsRwFxeMwRkLKzFETpySZdb8RGBrqkJxQXRC","26oh...QXRC","26ohsT77GsRwFxeMwRkLKzFETpySZdb8RGBrqkJxQXRC",false,"Thu Jan 29 2026 08:33:52 GMT+0530 (India Standard Time)","4bBbGru9zN3CovDb8qbg6nXmYnnbjRaHn861M36gNHGpCXA8QmBcgjYxVdrsLo22jrmYa9hdYtsWgZ6JRLsPyXCs","https://dexscreener.com/solana/26ohsT77GsRwFxeMwRkLKzFETpySZdb8RGBrqkJxQXRC","https://solscan.io/token/26ohsT77GsRwFxeMwRkLKzFETpySZdb8RGBrqkJxQXRC","https://birdeye.so/token/26ohsT77GsRwFxeMwRkLKzFETpySZdb8RGBrqkJxQXRC?chain=solana"
"51MFLMdNUsDqyamPLZJ7WtZuXZQTgmPgbvB7Wm4xs7Kb","51MF...s7Kb","51MFLMdNUsDqyamPLZJ7WtZuXZQTgmPgbvB7Wm4xs7Kb",false,"Thu Jan 29 2026 08:31:06 GMT+0530 (India Standard Time)","3fwRVVJJ7wdgRA3HJoBJjK4cM5r5kuRH2qBfeECpL3tShP4ieR1xTDc7rsZbFaAa8HqibYFkWZZ2GLjYxaoVzuGd","https://dexscreener.com/solana/51MFLMdNUsDqyamPLZJ7WtZuXZQTgmPgbvB7Wm4xs7Kb","https://solscan.io/token/51MFLMdNUsDqyamPLZJ7WtZuXZQTgmPgbvB7Wm4xs7Kb","https://birdeye.so/token/51MFLMdNUsDqyamPLZJ7WtZuXZQTgmPgbvB7Wm4xs7Kb?chain=solana"
"8U3Ma3Bq8SNB3ErfTuWNgNswGHfBjZKiDt8kQ3VEpump","8U3M...pump","8U3Ma3Bq8SNB3ErfTuWNgNswGHfBjZKiDt8kQ3VEpump",false,"Thu Jan 29 2026 08:28:09 GMT+0530 (India Standard Time)","4jf5fUt1GznrjNwLMEarXG3r8oL7JY9yALQYRa9McUL2PpvhMcgQJS9vHegN8B641eJ3z22A4LoTsyfEppJCjfog","https://dexscreener.com/solana/8U3Ma3Bq8SNB3ErfTuWNgNswGHfBjZKiDt8kQ3VEpump","https://solscan.io/token/8U3Ma3Bq8SNB3ErfTuWNgNswGHfBjZKiDt8kQ3VEpump","https://birdeye.so/token/8U3Ma3Bq8SNB3ErfTuWNgNswGHfBjZKiDt8kQ3VEpump?chain=solana"
"5Zhi5VjYPafHRogNLJ3fVo8tLTAq58KaiMRpVU6Vpump","5Zhi...pump","5Zhi5VjYPafHRogNLJ3fVo8tLTAq58KaiMRpVU6Vpump",false,"Thu Jan 29 2026 07:36:56 GMT+0530 (India Standard Time)","4DwPTXJbeiLddhs8SwfyMwok36cu3JYqfJjzPffqygGUHcLmyJV2VnVyz6EdVjddF6auLoU4QdvvJ9ACwcCQ7x6k","https://dexscreener.com/solana/5Zhi5VjYPafHRogNLJ3fVo8tLTAq58KaiMRpVU6Vpump","https://solscan.io/token/5Zhi5VjYPafHRogNLJ3fVo8tLTAq58KaiMRpVU6Vpump","https://birdeye.so/token/5Zhi5VjYPafHRogNLJ3fVo8tLTAq58KaiMRpVU6Vpump?chain=solana"
"4zop5mLfc6sH9m7boPRT9qRGL25Er58PnzsqXX29ndzH","4zop...ndzH","4zop5mLfc6sH9m7boPRT9qRGL25Er58PnzsqXX29ndzH",false,"Thu Jan 29 2026 07:36:56 GMT+0530 (India Standard Time)","4DwPTXJbeiLddhs8SwfyMwok36cu3JYqfJjzPffqygGUHcLmyJV2VnVyz6EdVjddF6auLoU4QdvvJ9ACwcCQ7x6k","https://dexscreener.com/solana/4zop5mLfc6sH9m7boPRT9qRGL25Er58PnzsqXX29ndzH","https://solscan.io/token/4zop5mLfc6sH9m7boPRT9qRGL25Er58PnzsqXX29ndzH","https://birdeye.so/token/4zop5mLfc6sH9m7boPRT9qRGL25Er58PnzsqXX29ndzH?chain=solana"
"798Mdv8oB6866tasJr3Kye8MwD8fKwEuouY8buK9pump","798M...pump","798Mdv8oB6866tasJr3Kye8MwD8fKwEuouY8buK9pump",false,"Thu Jan 29 2026 07:09:33 GMT+0530 (India Standard Time)","4xvfRPajqwR3Gwfc2arLtqbxWVyhKZ43vFG9z4eB7mQhhzfpYXaCAWMsAJLZQfr7dFA7Lni5p8qqshS8ittVJitr","https://dexscreener.com/solana/798Mdv8oB6866tasJr3Kye8MwD8fKwEuouY8buK9pump","https://solscan.io/token/798Mdv8oB6866tasJr3Kye8MwD8fKwEuouY8buK9pump","https://birdeye.so/token/798Mdv8oB6866tasJr3Kye8MwD8fKwEuouY8buK9pump?chain=solana"
"52vx7VK4aoJamzsdVtBKhNfRdg3Fbnw9CYasxNmW87v4","52vx...87v4","52vx7VK4aoJamzsdVtBKhNfRdg3Fbnw9CYasxNmW87v4",false,"Thu Jan 29 2026 07:05:03 GMT+0530 (India Standard Time)","dEhELzHfkok6vNUkXDfH3WtBvtVa8QedGnzVokUZTH15VhVh4DTnreZQyikpGNo4UMwdEXVSQ2WiMVZmB58sdbA","https://dexscreener.com/solana/52vx7VK4aoJamzsdVtBKhNfRdg3Fbnw9CYasxNmW87v4","https://solscan.io/token/52vx7VK4aoJamzsdVtBKhNfRdg3Fbnw9CYasxNmW87v4","https://birdeye.so/token/52vx7VK4aoJamzsdVtBKhNfRdg3Fbnw9CYasxNmW87v4?chain=solana"
"Eyy4uGeCBLV86nPkwGTy3A7p9Mdgicqq2WwroZR4pump","Eyy4...pump","Eyy4uGeCBLV86nPkwGTy3A7p9Mdgicqq2WwroZR4pump",false,"Thu Jan 29 2026 06:40:49 GMT+0530 (India Standard Time)","4tPT5ERZbhAYAvJWhW2FxQRpY29t4c7i4LyGaDnrGw3cNbTvzBrynCuPrceCiicyVjg9BJy9jmU1QJWb8Wi6gnbu","https://dexscreener.com/solana/Eyy4uGeCBLV86nPkwGTy3A7p9Mdgicqq2WwroZR4pump","https://solscan.io/token/Eyy4uGeCBLV86nPkwGTy3A7p9Mdgicqq2WwroZR4pump","https://birdeye.so/token/Eyy4uGeCBLV86nPkwGTy3A7p9Mdgicqq2WwroZR4pump?chain=solana"
"8Wc5kJRpiN36tyjXbrfgjFUJjHtmq724RVVZH5uCpump","8Wc5...pump","8Wc5kJRpiN36tyjXbrfgjFUJjHtmq724RVVZH5uCpump",false,"Thu Jan 29 2026 06:24:56 GMT+0530 (India Standard Time)","3rtxhFf59fStAg4sUWZC9yPd5iVgwXGgJFFyanhUVgxHwFFRSibYENhBNFRUhXheuMjU3b9wCkrixubRnhDXDY9W","https://dexscreener.com/solana/8Wc5kJRpiN36tyjXbrfgjFUJjHtmq724RVVZH5uCpump","https://solscan.io/token/8Wc5kJRpiN36tyjXbrfgjFUJjHtmq724RVVZH5uCpump","https://birdeye.so/token/8Wc5kJRpiN36tyjXbrfgjFUJjHtmq724RVVZH5uCpump?chain=solana"
"2GpdZK6gFiqFCZ2B2xW1KEJKrRQBAHNCkbZBfWasxRiq","2Gpd...xRiq","2GpdZK6gFiqFCZ2B2xW1KEJKrRQBAHNCkbZBfWasxRiq",false,"Thu Jan 29 2026 05:48:41 GMT+0530 (India Standard Time)","2RNV4v3GELM3msLdCVCJAVoCba51ta4yjQrCnzMHCipfqkERFhoeDcMuw1CBycLS6YT1AGU1RjyVbathS7B6ce8o","https://dexscreener.com/solana/2GpdZK6gFiqFCZ2B2xW1KEJKrRQBAHNCkbZBfWasxRiq","https://solscan.io/token/2GpdZK6gFiqFCZ2B2xW1KEJKrRQBAHNCkbZBfWasxRiq","https://birdeye.so/token/2GpdZK6gFiqFCZ2B2xW1KEJKrRQBAHNCkbZBfWasxRiq?chain=solana"
"Hv7vn8C5D8yu4aSqSBVAs8nMiJTMLGARPjUsVZm3pump","Hv7v...pump","Hv7vn8C5D8yu4aSqSBVAs8nMiJTMLGARPjUsVZm3pump",false,"Thu Jan 29 2026 05:48:34 GMT+0530 (India Standard Time)","3pnjDZAbCFut1cryoZqBNb8KaxxzHXprYcigSzsngfipuxLd4GuinEi2dFNMDef8FoGT3sZDFXwReJg9Yiermb2y","https://dexscreener.com/solana/Hv7vn8C5D8yu4aSqSBVAs8nMiJTMLGARPjUsVZm3pump","https://solscan.io/token/Hv7vn8C5D8yu4aSqSBVAs8nMiJTMLGARPjUsVZm3pump","https://birdeye.so/token/Hv7vn8C5D8yu4aSqSBVAs8nMiJTMLGARPjUsVZm3pump?chain=solana"
"DpNZqTFPxWW4Gtz3PkGr8bLtYMS6y7V59krjz9nppump","DpNZ...pump","DpNZqTFPxWW4Gtz3PkGr8bLtYMS6y7V59krjz9nppump",false,"Thu Jan 29 2026 05:39:21 GMT+0530 (India Standard Time)","4h2SizMJPBMm4985YFU2hP1joXZJLL3mkxGD5NCBWwNQfDY8Crgi2WY5QAun6ohhveN1tFM9y3ZxqkHzYbH53fqy","https://dexscreener.com/solana/DpNZqTFPxWW4Gtz3PkGr8bLtYMS6y7V59krjz9nppump","https://solscan.io/token/DpNZqTFPxWW4Gtz3PkGr8bLtYMS6y7V59krjz9nppump","https://birdeye.so/token/DpNZqTFPxWW4Gtz3PkGr8bLtYMS6y7V59krjz9nppump?chain=solana"
"7kAux1bLGB68VzisQaaXiNKg3sjP89uDDotpuKmTpump","7kAu...pump","7kAux1bLGB68VzisQaaXiNKg3sjP89uDDotpuKmTpump",false,"Thu Jan 29 2026 05:01:42 GMT+0530 (India Standard Time)","5CE8aZ2wJP8WdqqWbiCUNLYhje1FicZCk7RQ6ewq5P2MEGydw7CpwNPLZ5pQimv5XT6XjmQE6gHXD7f1Rv1CpCU","https://dexscreener.com/solana/7kAux1bLGB68VzisQaaXiNKg3sjP89uDDotpuKmTpump","https://solscan.io/token/7kAux1bLGB68VzisQaaXiNKg3sjP89uDDotpuKmTpump","https://birdeye.so/token/7kAux1bLGB68VzisQaaXiNKg3sjP89uDDotpuKmTpump?chain=solana"
"5ps2fLBYW3w7f8gKVbSibTddWXdVs1DY8JWkgMajpMnN","5ps2...pMnN","5ps2fLBYW3w7f8gKVbSibTddWXdVs1DY8JWkgMajpMnN",false,"Thu Jan 29 2026 04:59:02 GMT+0530 (India Standard Time)","h1Gox8VrJQZ86dD1fHs81FReo5kGe41TzN3Qfg2p6rAdZ5XqXdTxKbzZMM4WfF5jEKLcb6dv6xYnNEUpkd2TTsr","https://dexscreener.com/solana/5ps2fLBYW3w7f8gKVbSibTddWXdVs1DY8JWkgMajpMnN","https://solscan.io/token/5ps2fLBYW3w7f8gKVbSibTddWXdVs1DY8JWkgMajpMnN","https://birdeye.so/token/5ps2fLBYW3w7f8gKVbSibTddWXdVs1DY8JWkgMajpMnN?chain=solana"
"5nutPBAXhzLfiKmTAHHHfr7ektjuT5SDKToSanaCpump","5nut...pump","5nutPBAXhzLfiKmTAHHHfr7ektjuT5SDKToSanaCpump",false,"Thu Jan 29 2026 03:29:43 GMT+0530 (India Standard Time)","3zkhDfQvFV6W2oiDv2VnAQsRnEaR2kN7xTN23sgqfNHXjJBuUhpiMEYWSeQiFSwSxtmSZuoW38QEV1hyBcpqKii5","https://dexscreener.com/solana/5nutPBAXhzLfiKmTAHHHfr7ektjuT5SDKToSanaCpump","https://solscan.io/token/5nutPBAXhzLfiKmTAHHHfr7ektjuT5SDKToSanaCpump","https://birdeye.so/token/5nutPBAXhzLfiKmTAHHHfr7ektjuT5SDKToSanaCpump?chain=solana"
"2bg88zHQR7J6DBHwDKtFWh4TgynnuFog2gyRgFpspump","2bg8...pump","2bg88zHQR7J6DBHwDKtFWh4TgynnuFog2gyRgFpspump",false,"Thu Jan 29 2026 03:29:43 GMT+0530 (India Standard Time)","3SvuECVwsME9SQA4URd5b95faBim3YQ27kda1EMiHAGJ2b5tWhQAptCnUBbTHUzZb4V6XsAczWsFGGPxQLtaTnib","https://dexscreener.com/solana/2bg88zHQR7J6DBHwDKtFWh4TgynnuFog2gyRgFpspump","https://solscan.io/token/2bg88zHQR7J6DBHwDKtFWh4TgynnuFog2gyRgFpspump","https://birdeye.so/token/2bg88zHQR7J6DBHwDKtFWh4TgynnuFog2gyRgFpspump?chain=solana"
"BxguhL5ez8kW7jJ54oxgEewjvSsPV2dMtxyb9yK7pump","Bxgu...pump","BxguhL5ez8kW7jJ54oxgEewjvSsPV2dMtxyb9yK7pump",false,"Thu Jan 29 2026 03:28:49 GMT+0530 (India Standard Time)","64smPj6jQ2MVUmKTSL42wXY2XRo9hHLzrYZ49mfYVJaQu2MozrRCC5c92NYfiUYCUHngpUqcPfMjRY69Kwa7kXCP","https://dexscreener.com/solana/BxguhL5ez8kW7jJ54oxgEewjvSsPV2dMtxyb9yK7pump","https://solscan.io/token/BxguhL5ez8kW7jJ54oxgEewjvSsPV2dMtxyb9yK7pump","https://birdeye.so/token/BxguhL5ez8kW7jJ54oxgEewjvSsPV2dMtxyb9yK7pump?chain=solana"
"E1XPg7sK1xXcrEKESxxDbgDuUBAK4n5uDbT4Fg7Hdaos","E1XP...daos","E1XPg7sK1xXcrEKESxxDbgDuUBAK4n5uDbT4Fg7Hdaos",false,"Thu Jan 29 2026 03:09:47 GMT+0530 (India Standard Time)","2pdMJuyhQkvkhjbeev3dR1VLjyfzwz21ithanJAQqBKfNJEn2pDPps2CzvpSZwEmefggGMF2mtbRJCb8hxHgFSEo","https://dexscreener.com/solana/E1XPg7sK1xXcrEKESxxDbgDuUBAK4n5uDbT4Fg7Hdaos","https://solscan.io/token/E1XPg7sK1xXcrEKESxxDbgDuUBAK4n5uDbT4Fg7Hdaos","https://birdeye.so/token/E1XPg7sK1xXcrEKESxxDbgDuUBAK4n5uDbT4Fg7Hdaos?chain=solana"
"3D7eGreiykcKwrXsPjAcJJzBtM9sasUyFBCn1NuM4fcu","3D7e...4fcu","3D7eGreiykcKwrXsPjAcJJzBtM9sasUyFBCn1NuM4fcu",false,"Thu Jan 29 2026 02:37:43 GMT+0530 (India Standard Time)","57nLBZwJ2HcsxPuYyxwsXTtGYQxKJ2Ns3FxiRm4WvBCUdeVVVYxFDkcQkT4gCs1jcKCVHAvmRNVuqRzvc8TzaxYA","https://dexscreener.com/solana/3D7eGreiykcKwrXsPjAcJJzBtM9sasUyFBCn1NuM4fcu","https://solscan.io/token/3D7eGreiykcKwrXsPjAcJJzBtM9sasUyFBCn1NuM4fcu","https://birdeye.so/token/3D7eGreiykcKwrXsPjAcJJzBtM9sasUyFBCn1NuM4fcu?chain=solana"
"AuvSsPica3FpDJXQ5X5aUsmqYAehYuAeuEnc12jvpump","AuvS...pump","AuvSsPica3FpDJXQ5X5aUsmqYAehYuAeuEnc12jvpump",false,"Thu Jan 29 2026 02:10:26 GMT+0530 (India Standard Time)","K6JBwpxU9jGHQvmXBsC5FTQnQ3CXiiDauSSpiDVz75fhBGcFBk1PhEQHHb7JcZeJxwTrsQHBbatFDfCBBhZWbUM","https://dexscreener.com/solana/AuvSsPica3FpDJXQ5X5aUsmqYAehYuAeuEnc12jvpump","https://solscan.io/token/AuvSsPica3FpDJXQ5X5aUsmqYAehYuAeuEnc12jvpump","https://birdeye.so/token/AuvSsPica3FpDJXQ5X5aUsmqYAehYuAeuEnc12jvpump?chain=solana"
"c5af7xaqwf8ZAWP5W8nS4KrT6URN8jPCHjEgRLupump","c5af...pump","c5af7xaqwf8ZAWP5W8nS4KrT6URN8jPCHjEgRLupump",false,"Thu Jan 29 2026 01:33:32 GMT+0530 (India Standard Time)","vVzHD773ij7kLMiD7Vs5Nf8LqutwpPUfkYnt2hEmB1DzCBVawVa9xWRAMyXp7sLx6sGzAzmNSikELJdFghEmMyU","https://dexscreener.com/solana/c5af7xaqwf8ZAWP5W8nS4KrT6URN8jPCHjEgRLupump","https://solscan.io/token/c5af7xaqwf8ZAWP5W8nS4KrT6URN8jPCHjEgRLupump","https://birdeye.so/token/c5af7xaqwf8ZAWP5W8nS4KrT6URN8jPCHjEgRLupump?chain=solana"
"F8y1bNWomRHRvSVtjMNSGNkj612Xqmr682Zm7SroUrbW","F8y1...UrbW","F8y1bNWomRHRvSVtjMNSGNkj612Xqmr682Zm7SroUrbW",false,"Wed Jan 28 2026 22:43:50 GMT+0530 (India Standard Time)","51RGiNAdzJ2rs84kCgykx8KKEYdcK9ytYCw88P7fCYGMdrtYXFS1sFKUDdjzi3msPLAuyswUzX9qXPanaMvcxUkU","https://dexscreener.com/solana/F8y1bNWomRHRvSVtjMNSGNkj612Xqmr682Zm7SroUrbW","https://solscan.io/token/F8y1bNWomRHRvSVtjMNSGNkj612Xqmr682Zm7SroUrbW","https://birdeye.so/token/F8y1bNWomRHRvSVtjMNSGNkj612Xqmr682Zm7SroUrbW?chain=solana"
"85syB62f23nYP5Efe6HvmgBApvLEpuH7nSqtSU4xpump","85sy...pump","85syB62f23nYP5Efe6HvmgBApvLEpuH7nSqtSU4xpump",false,"Wed Jan 28 2026 19:13:33 GMT+0530 (India Standard Time)","3m8oEGYaACa3FpLnrsf4VF5VGSVU4tBSpFut5ndiDoSFrLaRaZgde1CFCWkUoZcMuiX8c5zMZN2US63G4cXckha4","https://dexscreener.com/solana/85syB62f23nYP5Efe6HvmgBApvLEpuH7nSqtSU4xpump","https://solscan.io/token/85syB62f23nYP5Efe6HvmgBApvLEpuH7nSqtSU4xpump","https://birdeye.so/token/85syB62f23nYP5Efe6HvmgBApvLEpuH7nSqtSU4xpump?chain=solana"
"DUkebAk8mdFr4VyhHv7Zfo2bQKiBaitBe3H8TkVXpump","DUke...pump","DUkebAk8mdFr4VyhHv7Zfo2bQKiBaitBe3H8TkVXpump",false,"Wed Jan 28 2026 16:42:54 GMT+0530 (India Standard Time)","5L7cNakpwkW919ikNfqWFyh3iHdtbqzcapcouyuA3jVxTfUnswP2vGJDhRwxq6CkvGwhTnhhjYYu7iWEodEwBmbK","https://dexscreener.com/solana/DUkebAk8mdFr4VyhHv7Zfo2bQKiBaitBe3H8TkVXpump","https://solscan.io/token/DUkebAk8mdFr4VyhHv7Zfo2bQKiBaitBe3H8TkVXpump","https://birdeye.so/token/DUkebAk8mdFr4VyhHv7Zfo2bQKiBaitBe3H8TkVXpump?chain=solana"
"vXeeWLCHRmMvujHnXYshqQgdWsV4cLXrP3ZEeg4pump","vXee...pump","vXeeWLCHRmMvujHnXYshqQgdWsV4cLXrP3ZEeg4pump",false,"Wed Jan 28 2026 16:29:43 GMT+0530 (India Standard Time)","3vLN9xrnEitgjPQajQLWhVp6UBpjBrgdKHrzA7cys2ib2AwzTNijDLAzzWksMo8HUvq8UksfFQWDXSoqEJ6s8Bee","https://dexscreener.com/solana/vXeeWLCHRmMvujHnXYshqQgdWsV4cLXrP3ZEeg4pump","https://solscan.io/token/vXeeWLCHRmMvujHnXYshqQgdWsV4cLXrP3ZEeg4pump","https://birdeye.so/token/vXeeWLCHRmMvujHnXYshqQgdWsV4cLXrP3ZEeg4pump?chain=solana"
"23PQadoFcvPvXFvsHPd3yN9vKZEmdRKEQwdWhSgjUUgm","23PQ...UUgm","23PQadoFcvPvXFvsHPd3yN9vKZEmdRKEQwdWhSgjUUgm",false,"Wed Jan 28 2026 16:10:30 GMT+0530 (India Standard Time)","3a5NazZ95peMtNhNQsgZxBuih7RHZAaB7XbRoKCCRg6VbM958izMtmpXSUjVXDv7W4RddCvzWRz6VKC4HC414PSf","https://dexscreener.com/solana/23PQadoFcvPvXFvsHPd3yN9vKZEmdRKEQwdWhSgjUUgm","https://solscan.io/token/23PQadoFcvPvXFvsHPd3yN9vKZEmdRKEQwdWhSgjUUgm","https://birdeye.so/token/23PQadoFcvPvXFvsHPd3yN9vKZEmdRKEQwdWhSgjUUgm?chain=solana"
"6tquVB4HG16kS9gepGftj516s1bdFWbEWvEsDH35TRND","6tqu...TRND","6tquVB4HG16kS9gepGftj516s1bdFWbEWvEsDH35TRND",false,"Wed Jan 28 2026 09:37:14 GMT+0530 (India Standard Time)","4LcnYCUECYtEkNVxpnXetLFVizxu2ybtZkvWhe4ugBXc4icRPStJb39LxVdJtDeqHBNEtDLkHQ1LzwuFcrcj3xfd","https://dexscreener.com/solana/6tquVB4HG16kS9gepGftj516s1bdFWbEWvEsDH35TRND","https://solscan.io/token/6tquVB4HG16kS9gepGftj516s1bdFWbEWvEsDH35TRND","https://birdeye.so/token/6tquVB4HG16kS9gepGftj516s1bdFWbEWvEsDH35TRND?chain=solana"
"6zdUYEEVUxB3DrgvrQQs5cAFczXtSdWBos854iQJTRND","6zdU...TRND","6zdUYEEVUxB3DrgvrQQs5cAFczXtSdWBos854iQJTRND",false,"Wed Jan 28 2026 09:09:16 GMT+0530 (India Standard Time)","4LVb62eoXXrkEhDqJY5dkhmULURpS2Vfkj33fnyARsv78W5f7ovZqvcUzEPugrCpYq87aBxefHzfnpJHnZnpWczL","https://dexscreener.com/solana/6zdUYEEVUxB3DrgvrQQs5cAFczXtSdWBos854iQJTRND","https://solscan.io/token/6zdUYEEVUxB3DrgvrQQs5cAFczXtSdWBos854iQJTRND","https://birdeye.so/token/6zdUYEEVUxB3DrgvrQQs5cAFczXtSdWBos854iQJTRND?chain=solana"
"6t8YwGCGzdyNTnY8p2nUQRMakkHdaoeNpp4mD3VGa6eE","6t8Y...a6eE","6t8YwGCGzdyNTnY8p2nUQRMakkHdaoeNpp4mD3VGa6eE",false,"Wed Jan 28 2026 08:34:53 GMT+0530 (India Standard Time)","5gHUYAUiUxUhmFyseCwcb62qM7LRUJRa32m9dpRWuM9GSGYmF4kkU6t2oX21sXnLFUM22Peq9FA7vazN8iLqyY6n","https://dexscreener.com/solana/6t8YwGCGzdyNTnY8p2nUQRMakkHdaoeNpp4mD3VGa6eE","https://solscan.io/token/6t8YwGCGzdyNTnY8p2nUQRMakkHdaoeNpp4mD3VGa6eE","https://birdeye.so/token/6t8YwGCGzdyNTnY8p2nUQRMakkHdaoeNpp4mD3VGa6eE?chain=solana"
"FytfXVEsdNxMGhcV5cCpz1Lj8MCQHwoM1T9ZniyQ9h1y","Fytf...9h1y","FytfXVEsdNxMGhcV5cCpz1Lj8MCQHwoM1T9ZniyQ9h1y",false,"Wed Jan 28 2026 06:25:12 GMT+0530 (India Standard Time)","3cVAkatBEmCbAQZ4VEw5zYEvaUX9gKpBsRx2TYV85dywcgoL1Uh7vvgEFvvg6TCCPHEJFSish52xkkQgKdDD9z3B","https://dexscreener.com/solana/FytfXVEsdNxMGhcV5cCpz1Lj8MCQHwoM1T9ZniyQ9h1y","https://solscan.io/token/FytfXVEsdNxMGhcV5cCpz1Lj8MCQHwoM1T9ZniyQ9h1y","https://birdeye.so/token/FytfXVEsdNxMGhcV5cCpz1Lj8MCQHwoM1T9ZniyQ9h1y?chain=solana"
"BJwAJ6Xws4G9eZhiEf8F2KvMKXe2u8yJhitxs4q3za2A","BJwA...za2A","BJwAJ6Xws4G9eZhiEf8F2KvMKXe2u8yJhitxs4q3za2A",false,"Wed Jan 28 2026 06:23:37 GMT+0530 (India Standard Time)","Ex23My1VjimewLbWdpDHCv7hw7Ly2yoQoGAh7vryoGdoYGzuguo5urkdKsuxgHv2ogGudRztg1SxxrNZhMPnLws","https://dexscreener.com/solana/BJwAJ6Xws4G9eZhiEf8F2KvMKXe2u8yJhitxs4q3za2A","https://solscan.io/token/BJwAJ6Xws4G9eZhiEf8F2KvMKXe2u8yJhitxs4q3za2A","https://birdeye.so/token/BJwAJ6Xws4G9eZhiEf8F2KvMKXe2u8yJhitxs4q3za2A?chain=solana"
"CiGNtezwV2wwJucQoWVrn7c4a49GE4MbazBE344Ypump","CiGN...pump","CiGNtezwV2wwJucQoWVrn7c4a49GE4MbazBE344Ypump",false,"Wed Jan 28 2026 06:22:57 GMT+0530 (India Standard Time)","2kvYBdqpiAyTNF7zPztiA4QX7xErHEDeuDsacfmHZQ5eYaYJorTwtDH4oEen3c44UjTCeGDMxBNgmPmJB7yK2nJK","https://dexscreener.com/solana/CiGNtezwV2wwJucQoWVrn7c4a49GE4MbazBE344Ypump","https://solscan.io/token/CiGNtezwV2wwJucQoWVrn7c4a49GE4MbazBE344Ypump","https://birdeye.so/token/CiGNtezwV2wwJucQoWVrn7c4a49GE4MbazBE344Ypump?chain=solana"
"757dtEYqixgMKxJ9epZzgZ3pwidxUbSizjFZ26cTnfh9","757d...nfh9","757dtEYqixgMKxJ9epZzgZ3pwidxUbSizjFZ26cTnfh9",false,"Wed Jan 28 2026 06:22:57 GMT+0530 (India Standard Time)","2kvYBdqpiAyTNF7zPztiA4QX7xErHEDeuDsacfmHZQ5eYaYJorTwtDH4oEen3c44UjTCeGDMxBNgmPmJB7yK2nJK","https://dexscreener.com/solana/757dtEYqixgMKxJ9epZzgZ3pwidxUbSizjFZ26cTnfh9","https://solscan.io/token/757dtEYqixgMKxJ9epZzgZ3pwidxUbSizjFZ26cTnfh9","https://birdeye.so/token/757dtEYqixgMKxJ9epZzgZ3pwidxUbSizjFZ26cTnfh9?chain=solana"
"3LJByJY1KnNmyHqKdXazsbE1YMRWpRNX5gcEHzywhSxH","3LJB...hSxH","3LJByJY1KnNmyHqKdXazsbE1YMRWpRNX5gcEHzywhSxH",false,"Wed Jan 28 2026 06:22:09 GMT+0530 (India Standard Time)","2nXwuWvLocsmYJpUK274fuQ1fRpDng2HiYRfy8xdditQgS53hgFY31iFgqmCR3mvy5rJVMzUAg3MQhQvfFZC5QXt","https://dexscreener.com/solana/3LJByJY1KnNmyHqKdXazsbE1YMRWpRNX5gcEHzywhSxH","https://solscan.io/token/3LJByJY1KnNmyHqKdXazsbE1YMRWpRNX5gcEHzywhSxH","https://birdeye.so/token/3LJByJY1KnNmyHqKdXazsbE1YMRWpRNX5gcEHzywhSxH?chain=solana"
"VaDH9XE67LVjgG79preR9BD8EncWJ7LGg8gmTEG1VnF","VaDH...1VnF","VaDH9XE67LVjgG79preR9BD8EncWJ7LGg8gmTEG1VnF",false,"Wed Jan 28 2026 06:19:16 GMT+0530 (India Standard Time)","575pyaJg666jBq621gZXG9N83USMmembaw81xjk9NvX7hnpLV2iZNqL9MtceVPTWLuUq6htie9JefbBoHWwu5YHi","https://dexscreener.com/solana/VaDH9XE67LVjgG79preR9BD8EncWJ7LGg8gmTEG1VnF","https://solscan.io/token/VaDH9XE67LVjgG79preR9BD8EncWJ7LGg8gmTEG1VnF","https://birdeye.so/token/VaDH9XE67LVjgG79preR9BD8EncWJ7LGg8gmTEG1VnF?chain=solana"
"kw1DFk6mtvp2BnNqVVfsvatpQPfEgt8bciaSL38XLxE","kw1D...XLxE","kw1DFk6mtvp2BnNqVVfsvatpQPfEgt8bciaSL38XLxE",false,"Wed Jan 28 2026 06:16:09 GMT+0530 (India Standard Time)","3fLYyjMeos4NgWiiym7KtJ7xnEEjfuv7aR5c8iFajx1uji3kyQqorSsAchG3SrJhKkp8bDRUddbMZxgY32eRTRfQ","https://dexscreener.com/solana/kw1DFk6mtvp2BnNqVVfsvatpQPfEgt8bciaSL38XLxE","https://solscan.io/token/kw1DFk6mtvp2BnNqVVfsvatpQPfEgt8bciaSL38XLxE","https://birdeye.so/token/kw1DFk6mtvp2BnNqVVfsvatpQPfEgt8bciaSL38XLxE?chain=solana"
"6BbuRzTU9HaHJrTatmNmhNGdcpgZTcuQTC9ycaVEt15","6Bbu...Et15","6BbuRzTU9HaHJrTatmNmhNGdcpgZTcuQTC9ycaVEt15",false,"Wed Jan 28 2026 06:11:22 GMT+0530 (India Standard Time)","yWhLxbTonDEkbnsfpo3UeKYrDomDiT5sFyTb9ewJZBxRzydt7X2EAL2rG6AYJ5QVAxgFJpATjn85Kz7WDsJrqg2","https://dexscreener.com/solana/6BbuRzTU9HaHJrTatmNmhNGdcpgZTcuQTC9ycaVEt15","https://solscan.io/token/6BbuRzTU9HaHJrTatmNmhNGdcpgZTcuQTC9ycaVEt15","https://birdeye.so/token/6BbuRzTU9HaHJrTatmNmhNGdcpgZTcuQTC9ycaVEt15?chain=solana"
"2b1kV6DkPAnxd5ixfnxCpjxmKwqjjaYmCZfHsFu24GXo","2b1k...4GXo","2b1kV6DkPAnxd5ixfnxCpjxmKwqjjaYmCZfHsFu24GXo",false,"Wed Jan 28 2026 06:10:36 GMT+0530 (India Standard Time)","62tyRcBmX5chhbQe5dxoKsBHQ61cxcJ6HjRrYgxvjLXFYc98ZzRzGB48sioTH4z2r2W55vGsLCzqVYUfSL87TuHA","https://dexscreener.com/solana/2b1kV6DkPAnxd5ixfnxCpjxmKwqjjaYmCZfHsFu24GXo","https://solscan.io/token/2b1kV6DkPAnxd5ixfnxCpjxmKwqjjaYmCZfHsFu24GXo","https://birdeye.so/token/2b1kV6DkPAnxd5ixfnxCpjxmKwqjjaYmCZfHsFu24GXo?chain=solana"
"Hp9gRXwquZBqsUzCY82aUy9h2hLMJJHnpRS262UJrPNk","Hp9g...rPNk","Hp9gRXwquZBqsUzCY82aUy9h2hLMJJHnpRS262UJrPNk",false,"Wed Jan 28 2026 06:09:20 GMT+0530 (India Standard Time)","quDFVLhmMToC7DnvR2K19v8v12azRuJhY9SGDn3g8dFjszSWDCfbnqB9FL6uci7reQAQPtNcf1a4VUxYPv3qWUR","https://dexscreener.com/solana/Hp9gRXwquZBqsUzCY82aUy9h2hLMJJHnpRS262UJrPNk","https://solscan.io/token/Hp9gRXwquZBqsUzCY82aUy9h2hLMJJHnpRS262UJrPNk","https://birdeye.so/token/Hp9gRXwquZBqsUzCY82aUy9h2hLMJJHnpRS262UJrPNk?chain=solana"
"8oCYwaSUUWQnyPVMS2SAMDDA7p9YC3FX5wiKVYayCgi","8oCY...yCgi","8oCYwaSUUWQnyPVMS2SAMDDA7p9YC3FX5wiKVYayCgi",false,"Wed Jan 28 2026 06:08:36 GMT+0530 (India Standard Time)","zcUQLqvKMTPmAcvC3kaxckiaidwhnFEBoviyaSziKB4RhznpY33McPXq4UPav72JJJaktCjzc1ssaZBweP89Pw9","https://dexscreener.com/solana/8oCYwaSUUWQnyPVMS2SAMDDA7p9YC3FX5wiKVYayCgi","https://solscan.io/token/8oCYwaSUUWQnyPVMS2SAMDDA7p9YC3FX5wiKVYayCgi","https://birdeye.so/token/8oCYwaSUUWQnyPVMS2SAMDDA7p9YC3FX5wiKVYayCgi?chain=solana"
"5bbfHiDURmxCTJR7BjcumaoBsKRhtruUqw8FiJ5UM8My","5bbf...M8My","5bbfHiDURmxCTJR7BjcumaoBsKRhtruUqw8FiJ5UM8My",false,"Wed Jan 28 2026 05:49:07 GMT+0530 (India Standard Time)","4ZRP8m8aKFwihanZv5tezz2LrHGndAKuL2DPEtSX2BUZB8yD1x49jayLC5uMiFEmT6WQ5uHnndZcjkiy7xihKGQE","https://dexscreener.com/solana/5bbfHiDURmxCTJR7BjcumaoBsKRhtruUqw8FiJ5UM8My","https://solscan.io/token/5bbfHiDURmxCTJR7BjcumaoBsKRhtruUqw8FiJ5UM8My","https://birdeye.so/token/5bbfHiDURmxCTJR7BjcumaoBsKRhtruUqw8FiJ5UM8My?chain=solana"
"9JuhoFkRaXiS2cjjypt2xqWAR9oDSkbz3UG1nMmWpump","9Juh...pump","9JuhoFkRaXiS2cjjypt2xqWAR9oDSkbz3UG1nMmWpump",false,"Wed Jan 28 2026 04:59:42 GMT+0530 (India Standard Time)","2HxKe1U4rCrV7tzU9C6NAX5ZExEZTcS6fYubo2pjjvY7h7qx9EqDmyZHGguAie1pCogZEyNwAgqpTmcSbhBVg3ak","https://dexscreener.com/solana/9JuhoFkRaXiS2cjjypt2xqWAR9oDSkbz3UG1nMmWpump","https://solscan.io/token/9JuhoFkRaXiS2cjjypt2xqWAR9oDSkbz3UG1nMmWpump","https://birdeye.so/token/9JuhoFkRaXiS2cjjypt2xqWAR9oDSkbz3UG1nMmWpump?chain=solana"
"2bZWCKfiaSQHuBxgFMX8Dy1r2swnRcV6PeGn6uphpump","2bZW...pump","2bZWCKfiaSQHuBxgFMX8Dy1r2swnRcV6PeGn6uphpump",false,"Wed Jan 28 2026 04:04:59 GMT+0530 (India Standard Time)","xDntq36aRMzVLrTdgKPufeDpghB6av7o8X8hWsUiRwCuHgrPeMZjwb3GoGWUbzpmyYG6coFbssPqX1aHKFRWr4n","https://dexscreener.com/solana/2bZWCKfiaSQHuBxgFMX8Dy1r2swnRcV6PeGn6uphpump","https://solscan.io/token/2bZWCKfiaSQHuBxgFMX8Dy1r2swnRcV6PeGn6uphpump","https://birdeye.so/token/2bZWCKfiaSQHuBxgFMX8Dy1r2swnRcV6PeGn6uphpump?chain=solana"
"CCuVTnuSQkCJszv7pubCXE6cjvXG8TLP5J7YNaXVQ3n3","CCuV...Q3n3","CCuVTnuSQkCJszv7pubCXE6cjvXG8TLP5J7YNaXVQ3n3",false,"Wed Jan 28 2026 03:37:11 GMT+0530 (India Standard Time)","AvJyh7nTwBg31qEtxTUgYDVrdcajTn3rojPh9ra125jJ6Z3eUXZSYwe1W1rznGG9JP43tsu7HVkEXHETPTAiqRf","https://dexscreener.com/solana/CCuVTnuSQkCJszv7pubCXE6cjvXG8TLP5J7YNaXVQ3n3","https://solscan.io/token/CCuVTnuSQkCJszv7pubCXE6cjvXG8TLP5J7YNaXVQ3n3","https://birdeye.so/token/CCuVTnuSQkCJszv7pubCXE6cjvXG8TLP5J7YNaXVQ3n3?chain=solana"
"2LYTMGch89RabgQsCnzgMRiFLuzXi8rrnYqQRnZMe7mx","2LYT...e7mx","2LYTMGch89RabgQsCnzgMRiFLuzXi8rrnYqQRnZMe7mx",false,"Wed Jan 28 2026 02:00:18 GMT+0530 (India Standard Time)","38KzQkj8HuDxsdRrC61er3H5LjjgtCVV1AqM5fijAkTkQH1CfKdLeZ1Tu4zMoMinJQosSnMW2f5HRwdUDCZweHyw","https://dexscreener.com/solana/2LYTMGch89RabgQsCnzgMRiFLuzXi8rrnYqQRnZMe7mx","https://solscan.io/token/2LYTMGch89RabgQsCnzgMRiFLuzXi8rrnYqQRnZMe7mx","https://birdeye.so/token/2LYTMGch89RabgQsCnzgMRiFLuzXi8rrnYqQRnZMe7mx?chain=solana"
"GqsPuRD8tPnEyQN2AF1tZqah7hXeuUK8uto7VKjdZNgw","GqsP...ZNgw","GqsPuRD8tPnEyQN2AF1tZqah7hXeuUK8uto7VKjdZNgw",false,"Wed Jan 28 2026 01:42:08 GMT+0530 (India Standard Time)","AUM3prZw2iGQw2vfe41xyRGqnusdXbWEFcJyUHwhb9Tsz3DkdQfS51uLSLCkrDsexYmh76ZHJoC5TJM8rX9kDoy","https://dexscreener.com/solana/GqsPuRD8tPnEyQN2AF1tZqah7hXeuUK8uto7VKjdZNgw","https://solscan.io/token/GqsPuRD8tPnEyQN2AF1tZqah7hXeuUK8uto7VKjdZNgw","https://birdeye.so/token/GqsPuRD8tPnEyQN2AF1tZqah7hXeuUK8uto7VKjdZNgw?chain=solana"
"55sx5fB9hnNGyN9c7AQzvatyHKBkkvQaQ6XpbCbfhhdE","55sx...hhdE","55sx5fB9hnNGyN9c7AQzvatyHKBkkvQaQ6XpbCbfhhdE",false,"Wed Jan 28 2026 01:29:28 GMT+0530 (India Standard Time)","5Tun3gz6uuU7GnzQxawQNieZTs6kChJTqtfKZDVQfY1vHG88uyWN7UoWeFBcM789EegEbKzuHrmZj697p396UEaj","https://dexscreener.com/solana/55sx5fB9hnNGyN9c7AQzvatyHKBkkvQaQ6XpbCbfhhdE","https://solscan.io/token/55sx5fB9hnNGyN9c7AQzvatyHKBkkvQaQ6XpbCbfhhdE","https://birdeye.so/token/55sx5fB9hnNGyN9c7AQzvatyHKBkkvQaQ6XpbCbfhhdE?chain=solana"
"DtKyu1kSzDVxPEN4X44Z34Ma69qUYBq6PD3kBKukpump","DtKy...pump","DtKyu1kSzDVxPEN4X44Z34Ma69qUYBq6PD3kBKukpump",false,"Wed Jan 28 2026 01:18:12 GMT+0530 (India Standard Time)","2BgLwScgAHpt1hWAq9ybJeSectGYWxdFPicApqT9wJPxZ1GbKVtXB122fV2QL9WXdsPc3xSKg1HFHZVAB8tRYeg6","https://dexscreener.com/solana/DtKyu1kSzDVxPEN4X44Z34Ma69qUYBq6PD3kBKukpump","https://solscan.io/token/DtKyu1kSzDVxPEN4X44Z34Ma69qUYBq6PD3kBKukpump","https://birdeye.so/token/DtKyu1kSzDVxPEN4X44Z34Ma69qUYBq6PD3kBKukpump?chain=solana"
"258Po41aeXsh3jyqt5TqcJ4JSQe4rnSVd9wvcNPupump","258P...pump","258Po41aeXsh3jyqt5TqcJ4JSQe4rnSVd9wvcNPupump",false,"Wed Jan 28 2026 01:18:12 GMT+0530 (India Standard Time)","2BgLwScgAHpt1hWAq9ybJeSectGYWxdFPicApqT9wJPxZ1GbKVtXB122fV2QL9WXdsPc3xSKg1HFHZVAB8tRYeg6","https://dexscreener.com/solana/258Po41aeXsh3jyqt5TqcJ4JSQe4rnSVd9wvcNPupump","https://solscan.io/token/258Po41aeXsh3jyqt5TqcJ4JSQe4rnSVd9wvcNPupump","https://birdeye.so/token/258Po41aeXsh3jyqt5TqcJ4JSQe4rnSVd9wvcNPupump?chain=solana"
"61zZRCZkGF2zYVgMYh1krrD5N25jXwBiP6Lw9qdUpump","61zZ...pump","61zZRCZkGF2zYVgMYh1krrD5N25jXwBiP6Lw9qdUpump",false,"Wed Jan 28 2026 00:42:25 GMT+0530 (India Standard Time)","4RQ1wDXPhemutBUYaCmXvrnL9D7FfF3NtVPzotNrHgwmai3KsLcvzSHokq2yyZtGZZh2U6aUYSnKuN9b5Dg7WPRy","https://dexscreener.com/solana/61zZRCZkGF2zYVgMYh1krrD5N25jXwBiP6Lw9qdUpump","https://solscan.io/token/61zZRCZkGF2zYVgMYh1krrD5N25jXwBiP6Lw9qdUpump","https://birdeye.so/token/61zZRCZkGF2zYVgMYh1krrD5N25jXwBiP6Lw9qdUpump?chain=solana"
"8AdsF2QXFA8QkFuQ9TrQW6nEyM4E6yT4AwqgZ5cTpump","8Ads...pump","8AdsF2QXFA8QkFuQ9TrQW6nEyM4E6yT4AwqgZ5cTpump",false,"Wed Jan 28 2026 00:42:25 GMT+0530 (India Standard Time)","4RQ1wDXPhemutBUYaCmXvrnL9D7FfF3NtVPzotNrHgwmai3KsLcvzSHokq2yyZtGZZh2U6aUYSnKuN9b5Dg7WPRy","https://dexscreener.com/solana/8AdsF2QXFA8QkFuQ9TrQW6nEyM4E6yT4AwqgZ5cTpump","https://solscan.io/token/8AdsF2QXFA8QkFuQ9TrQW6nEyM4E6yT4AwqgZ5cTpump","https://birdeye.so/token/8AdsF2QXFA8QkFuQ9TrQW6nEyM4E6yT4AwqgZ5cTpump?chain=solana"
"3vZY2MKBzRMoT4nGUCWYzXPTES2jLaLNMV8Fn5cKpump","3vZY...pump","3vZY2MKBzRMoT4nGUCWYzXPTES2jLaLNMV8Fn5cKpump",false,"Tue Jan 27 2026 22:45:35 GMT+0530 (India Standard Time)","2VN8uJHYKLpUs7WpupJHu2qE9bnRHESCLMN9Dz7wSGDYtnHawkDhWHPE3R7TUhsPBPBbhQGEwG5ee6WA1R1jvStE","https://dexscreener.com/solana/3vZY2MKBzRMoT4nGUCWYzXPTES2jLaLNMV8Fn5cKpump","https://solscan.io/token/3vZY2MKBzRMoT4nGUCWYzXPTES2jLaLNMV8Fn5cKpump","https://birdeye.so/token/3vZY2MKBzRMoT4nGUCWYzXPTES2jLaLNMV8Fn5cKpump?chain=solana"
"Gdp5jFho95kNdVhFQJ29mkLqqUMdcKmC79eH2Ko1pump","Gdp5...pump","Gdp5jFho95kNdVhFQJ29mkLqqUMdcKmC79eH2Ko1pump",false,"Tue Jan 27 2026 21:29:35 GMT+0530 (India Standard Time)","4nM3WythrKEXdiqEmWanNzXXwMYXzDTpZRPrn32QmTkwp6ixrU4h95HochKrEQdF9JFRUnjD7TggHFyfTFogVHMp","https://dexscreener.com/solana/Gdp5jFho95kNdVhFQJ29mkLqqUMdcKmC79eH2Ko1pump","https://solscan.io/token/Gdp5jFho95kNdVhFQJ29mkLqqUMdcKmC79eH2Ko1pump","https://birdeye.so/token/Gdp5jFho95kNdVhFQJ29mkLqqUMdcKmC79eH2Ko1pump?chain=solana"
"3xM8TzVg45KKkH9f8y678UfnR93aJEfXiEwPJy9upump","3xM8...pump","3xM8TzVg45KKkH9f8y678UfnR93aJEfXiEwPJy9upump",false,"Tue Jan 27 2026 21:07:44 GMT+0530 (India Standard Time)","5TaodQTnBUQBvysnkBf3xVkPX5UHdxDdLi9qqzX3M5N68jiZoqsHs4m5YQNWGX3VBeVrv3fgb1Nm1yatSbGVLsTB","https://dexscreener.com/solana/3xM8TzVg45KKkH9f8y678UfnR93aJEfXiEwPJy9upump","https://solscan.io/token/3xM8TzVg45KKkH9f8y678UfnR93aJEfXiEwPJy9upump","https://birdeye.so/token/3xM8TzVg45KKkH9f8y678UfnR93aJEfXiEwPJy9upump?chain=solana"
"7WfMayNix31qV99sqydD1t1rjTHV2Xa6yMAAELurpump","7WfM...pump","7WfMayNix31qV99sqydD1t1rjTHV2Xa6yMAAELurpump",false,"Tue Jan 27 2026 20:36:35 GMT+0530 (India Standard Time)","MNK3CvnRCzpRkEZ3XcnhMuucvmbLdFdRsHzgubw9C5FaLLJxYSURjgNbQ3JojHQ16wG2zNRdsiT2J4yMo6NbJZV","https://dexscreener.com/solana/7WfMayNix31qV99sqydD1t1rjTHV2Xa6yMAAELurpump","https://solscan.io/token/7WfMayNix31qV99sqydD1t1rjTHV2Xa6yMAAELurpump","https://birdeye.so/token/7WfMayNix31qV99sqydD1t1rjTHV2Xa6yMAAELurpump?chain=solana"
"9yyCnZ3Bpzg9NRMRoJNGYyKYVYH1PzF9HsG6znrxqcJU","9yyC...qcJU","9yyCnZ3Bpzg9NRMRoJNGYyKYVYH1PzF9HsG6znrxqcJU",false,"Fri Jan 23 2026 09:07:23 GMT+0530 (India Standard Time)","izGkr7GFLokdoGrCrq3DEk2yfYTp5BzbJTyNH6heYQtMBHSFvgVwB9Jd8oKvWM5gFs5wpJtsNJw1UmgqVMzDFmg","https://dexscreener.com/solana/9yyCnZ3Bpzg9NRMRoJNGYyKYVYH1PzF9HsG6znrxqcJU","https://solscan.io/token/9yyCnZ3Bpzg9NRMRoJNGYyKYVYH1PzF9HsG6znrxqcJU","https://birdeye.so/token/9yyCnZ3Bpzg9NRMRoJNGYyKYVYH1PzF9HsG6znrxqcJU?chain=solana"
"GwrMsjVBEfiGcYfgNQJckuhvWUWhXHz1LBsCgxfaTRND","GwrM...TRND","GwrMsjVBEfiGcYfgNQJckuhvWUWhXHz1LBsCgxfaTRND",false,"Fri Jan 23 2026 08:25:28 GMT+0530 (India Standard Time)","4C5FpWEgqxdybhaDFLtLBYFLKVKGeid6iqEU6anWfpY9GbCNZNFW7CHXww91yo9DMcJxM7xRzQdagUPZMVmjcHhU","https://dexscreener.com/solana/GwrMsjVBEfiGcYfgNQJckuhvWUWhXHz1LBsCgxfaTRND","https://solscan.io/token/GwrMsjVBEfiGcYfgNQJckuhvWUWhXHz1LBsCgxfaTRND","https://birdeye.so/token/GwrMsjVBEfiGcYfgNQJckuhvWUWhXHz1LBsCgxfaTRND?chain=solana"
"5heFpjbEpD7shwBNVGHVnjzjRES4zwLj2qJG8MS9pump","5heF...pump","5heFpjbEpD7shwBNVGHVnjzjRES4zwLj2qJG8MS9pump",false,"Fri Jan 23 2026 04:58:03 GMT+0530 (India Standard Time)","4Rp8e8WP4pvJ1FqAJWDjT72TYGVYd3jYyaoZFQ8tfmt81Q1wp7N9MTfzNWiNC7xTXK4omeypKbEqNZki4r9i68Xo","https://dexscreener.com/solana/5heFpjbEpD7shwBNVGHVnjzjRES4zwLj2qJG8MS9pump","https://solscan.io/token/5heFpjbEpD7shwBNVGHVnjzjRES4zwLj2qJG8MS9pump","https://birdeye.so/token/5heFpjbEpD7shwBNVGHVnjzjRES4zwLj2qJG8MS9pump?chain=solana"
"5vVgxo5SY9s5rCy4xkGTw4bkcyyJktaCk9YgPSfJpump","5vVg...pump","5vVgxo5SY9s5rCy4xkGTw4bkcyyJktaCk9YgPSfJpump",false,"Fri Jan 23 2026 02:59:26 GMT+0530 (India Standard Time)","f4URAaDKxjY34gVCY9SAD5gFbpqHVUsefYg8A6WzB8F1NaQ5qcRw7Ds7nx1deTTmzbrFJnSBUm2H7y6cz91weae","https://dexscreener.com/solana/5vVgxo5SY9s5rCy4xkGTw4bkcyyJktaCk9YgPSfJpump","https://solscan.io/token/5vVgxo5SY9s5rCy4xkGTw4bkcyyJktaCk9YgPSfJpump","https://birdeye.so/token/5vVgxo5SY9s5rCy4xkGTw4bkcyyJktaCk9YgPSfJpump?chain=solana"
"HEVxTsAdHHPCMST6YJhtVZ9Gn2ypEt2ecj2zsBVypump","HEVx...pump","HEVxTsAdHHPCMST6YJhtVZ9Gn2ypEt2ecj2zsBVypump",false,"Fri Jan 23 2026 01:37:20 GMT+0530 (India Standard Time)","5QcbWzTgJGGMyq2pCiJ5H83v2BURusxpBuw8JbMUfbt6S7JKKu9eSxy3TG3wuZ6Gm7CoGjgDkR4oKm397fNJPPfu","https://dexscreener.com/solana/HEVxTsAdHHPCMST6YJhtVZ9Gn2ypEt2ecj2zsBVypump","https://solscan.io/token/HEVxTsAdHHPCMST6YJhtVZ9Gn2ypEt2ecj2zsBVypump","https://birdeye.so/token/HEVxTsAdHHPCMST6YJhtVZ9Gn2ypEt2ecj2zsBVypump?chain=solana"
"4HX5VSjszacfWKTGapVhNHKLjBzGQvZvni9qJE6Rpump","4HX5...pump","4HX5VSjszacfWKTGapVhNHKLjBzGQvZvni9qJE6Rpump",false,"Fri Jan 23 2026 00:01:36 GMT+0530 (India Standard Time)","3TmZxcxWHMRHhtvpF66JTaU3NqipryaqXJ6HVjhZLtnZwrKZo5vAj7hgB1MubWtVfUtXDw9B6jEtjkwadxNATfF4","https://dexscreener.com/solana/4HX5VSjszacfWKTGapVhNHKLjBzGQvZvni9qJE6Rpump","https://solscan.io/token/4HX5VSjszacfWKTGapVhNHKLjBzGQvZvni9qJE6Rpump","https://birdeye.so/token/4HX5VSjszacfWKTGapVhNHKLjBzGQvZvni9qJE6Rpump?chain=solana"
"CASHx9KJUStyftLFWGvEVf59SGeG9sh5FfcnZMVPCASH","CASH...CASH","CASHx9KJUStyftLFWGvEVf59SGeG9sh5FfcnZMVPCASH",false,"Fri Jan 23 2026 00:01:13 GMT+0530 (India Standard Time)","1e2NzGTJJQVEhH1Xa1fbxm4BoeXK9WKjiHzXQN3hW2eHyCc9J831NSAweQHmB44jMRTA8E1y8nLAzYWnn4vrRmN","https://dexscreener.com/solana/CASHx9KJUStyftLFWGvEVf59SGeG9sh5FfcnZMVPCASH","https://solscan.io/token/CASHx9KJUStyftLFWGvEVf59SGeG9sh5FfcnZMVPCASH","https://birdeye.so/token/CASHx9KJUStyftLFWGvEVf59SGeG9sh5FfcnZMVPCASH?chain=solana"
"GdCN7rQA5egc8SU2Bc2kKB2kMwELneQZJVSt8gGBpump","GdCN...pump","GdCN7rQA5egc8SU2Bc2kKB2kMwELneQZJVSt8gGBpump",false,"Thu Jan 22 2026 21:26:22 GMT+0530 (India Standard Time)","giXKPtS4sVGN116VyuCgmucLJ9ePuYA1VLRRDEbxM4SxxhoNhoi78wEVEPCN9LCLfMUcReYGXRtGqBBjMZEBShT","https://dexscreener.com/solana/GdCN7rQA5egc8SU2Bc2kKB2kMwELneQZJVSt8gGBpump","https://solscan.io/token/GdCN7rQA5egc8SU2Bc2kKB2kMwELneQZJVSt8gGBpump","https://birdeye.so/token/GdCN7rQA5egc8SU2Bc2kKB2kMwELneQZJVSt8gGBpump?chain=solana"
"7LCg1zkom5ewGb43RmrLmgPJh6oZQ6BMhNtVqUnxpump","7LCg...pump","7LCg1zkom5ewGb43RmrLmgPJh6oZQ6BMhNtVqUnxpump",false,"Thu Jan 22 2026 18:03:56 GMT+0530 (India Standard Time)","4dBxPapokwHNX6bMtWAsvzRkyz926suz4KD8KJtVgjFFHE88Ghxgqzxqa93Q8xako4d2ygcas6anUm8oceyH7EVn","https://dexscreener.com/solana/7LCg1zkom5ewGb43RmrLmgPJh6oZQ6BMhNtVqUnxpump","https://solscan.io/token/7LCg1zkom5ewGb43RmrLmgPJh6oZQ6BMhNtVqUnxpump","https://birdeye.so/token/7LCg1zkom5ewGb43RmrLmgPJh6oZQ6BMhNtVqUnxpump?chain=solana"
"F1ejiSz4wvQismK9FVWPDjZVw9mtoFRaWButpMVHpump","F1ej...pump","F1ejiSz4wvQismK9FVWPDjZVw9mtoFRaWButpMVHpump",false,"Thu Jan 22 2026 14:06:38 GMT+0530 (India Standard Time)","XnEajopB431Hhmdpf8wdFuKTpH5XXtPxD9fyYf5F4cQ46NpSXomMJYESBqNM9bLnx3M2bE7dGFKf6HJ5zPRw7Yx","https://dexscreener.com/solana/F1ejiSz4wvQismK9FVWPDjZVw9mtoFRaWButpMVHpump","https://solscan.io/token/F1ejiSz4wvQismK9FVWPDjZVw9mtoFRaWButpMVHpump","https://birdeye.so/token/F1ejiSz4wvQismK9FVWPDjZVw9mtoFRaWButpMVHpump?chain=solana"
"BewHg9qmuzT4DH2F6DHkHbHzUU6RcZCx8yMBUZG1TRND","BewH...TRND","BewHg9qmuzT4DH2F6DHkHbHzUU6RcZCx8yMBUZG1TRND",false,"Thu Jan 22 2026 11:45:47 GMT+0530 (India Standard Time)","5wqtUGyNNbiy8JgugwiRPnNnfxhJLLhexVWVZ4M72dMXDweVTvUJetkSD5d7wV5Svcshyq2RAQ29CiuHXKbZBYiD","https://dexscreener.com/solana/BewHg9qmuzT4DH2F6DHkHbHzUU6RcZCx8yMBUZG1TRND","https://solscan.io/token/BewHg9qmuzT4DH2F6DHkHbHzUU6RcZCx8yMBUZG1TRND","https://birdeye.so/token/BewHg9qmuzT4DH2F6DHkHbHzUU6RcZCx8yMBUZG1TRND?chain=solana"
"9j4uSzjPZ13dn49joShGDWkRepPNAjavQQj21asCTRND","9j4u...TRND","9j4uSzjPZ13dn49joShGDWkRepPNAjavQQj21asCTRND",false,"Thu Jan 22 2026 11:43:39 GMT+0530 (India Standard Time)","5WpgmTr8i14QbiXnQv7Sv5v5p4mjmegPbwNgfg8bQV1HB9H2EYm2ndQ3T4x61BL72ac1f5LBV8Bawa8h8pQkZmaE","https://dexscreener.com/solana/9j4uSzjPZ13dn49joShGDWkRepPNAjavQQj21asCTRND","https://solscan.io/token/9j4uSzjPZ13dn49joShGDWkRepPNAjavQQj21asCTRND","https://birdeye.so/token/9j4uSzjPZ13dn49joShGDWkRepPNAjavQQj21asCTRND?chain=solana"
"9bnB6cnJjX9KQFbVrNPDhfxwRczTZZNBuAJNRdYpTRND","9bnB...TRND","9bnB6cnJjX9KQFbVrNPDhfxwRczTZZNBuAJNRdYpTRND",false,"Thu Jan 22 2026 11:14:06 GMT+0530 (India Standard Time)","5HiPEGL5NeokskBPJJ4dUxt4vZkEPmfm1Yq6WLgENxtZyyT6KS5uHS1cpG7QUAVFSe4BWMwPG5HpeBqiHmvTHodh","https://dexscreener.com/solana/9bnB6cnJjX9KQFbVrNPDhfxwRczTZZNBuAJNRdYpTRND","https://solscan.io/token/9bnB6cnJjX9KQFbVrNPDhfxwRczTZZNBuAJNRdYpTRND","https://birdeye.so/token/9bnB6cnJjX9KQFbVrNPDhfxwRczTZZNBuAJNRdYpTRND?chain=solana"
"CrR9YgUfg2z7CZXVinSk8UN3njdUvToHMZmx9RsSP2i9","CrR9...P2i9","CrR9YgUfg2z7CZXVinSk8UN3njdUvToHMZmx9RsSP2i9",false,"Thu Jan 22 2026 10:54:51 GMT+0530 (India Standard Time)","tqQHB1UkUQCsS6i6xYXumEM7umykDySaKTHjNbY2gSNzXYK59HhuuNou874wSHkAANTpi5iT31r9sTDysjDnpkh","https://dexscreener.com/solana/CrR9YgUfg2z7CZXVinSk8UN3njdUvToHMZmx9RsSP2i9","https://solscan.io/token/CrR9YgUfg2z7CZXVinSk8UN3njdUvToHMZmx9RsSP2i9","https://birdeye.so/token/CrR9YgUfg2z7CZXVinSk8UN3njdUvToHMZmx9RsSP2i9?chain=solana"